conversation_id,conversation_statistics_num_turns,conversation_statistics_num_user_turns,conversation_statistics_avg_user_tokens,conversation_statistics_avg_assistant_tokens,conversation_statistics_conversation_lenght_tokens,semantic_coherence_conversation_score,semantic_coherence_semantic_std,semantic_coherence_semantic_min,semantic_coherence_semantic_max,semantic_coherence_semantic_path_lenght,referential_density_references,referential_density_tokens,referential_density_score,topic_continuity_num_topics,topic_continuity_topic_labels,topic_continuity_average_cosine_similarity,topic_continuity_topic_entropy,topic_continuity_topic_switches,topic_continuity_topic_switches_rate,intent_diversity_question_count,intent_diversity_imperative_count,intent_diversity_request_type_entropy,intent_diversity_request_type_distribution_follow_up,intent_diversity_request_type_distribution_question,intent_diversity_request_type_distribution_other,intent_diversity_request_type_distribution_instruction
b20d776681854933b75cd855250ebd3a,10,5,124.6,279.6,2021,0.77269620301797,0.3319647043702191,0.1984886834430092,0.9901523072563312,0.90921518792812,169,2021,0.0836219693221177,2,"[1, 0, 0, 0, 0]",0.77269620301797,0.7219280948873623,1,0.25,0,0,0.0,5.0,,,
b0db7a328a5345e69cdb1c0dc04ebaae,38,19,33.78947368421053,161.73684210526315,3715,0.3310507020394758,0.2891405147689538,-0.0550933598025555,1.0000000000000002,12.041087363289437,141,3715,0.0379542395693136,3,"[2, 2, 2, 2, 0, 2, 2, 0, 2, 1, 1, 1, 1, 1, 1, 2, 2, 2, 2]",0.3310507020394758,1.3235315761100483,6,0.3333333333333333,12,2,1.3727069617019707,1.0,12.0,5.0,1.0
98c5ec5d7ad0427b938faf1e7bb12020,14,7,23.714285714285715,157.71428571428572,1270,0.2713210712644609,0.2716223349300359,-0.0271078454520384,0.7820255817634028,4.3720735724132345,58,1269,0.0457052797478329,2,"[0, 0, 0, 0, 0, 1, 1]",0.2713210712644609,0.8631205685666311,1,0.1666666666666666,4,0,0.9852281360342516,,4.0,3.0,
c38c5e5429ff43fb89273ab23bf01284,10,5,30.2,41.6,359,0.7713882226204719,0.1347979334722677,0.5506709861352771,0.9019054867172728,0.9144471095181124,26,359,0.0724233983286908,2,"[0, 0, 0, 0, 1]",0.7713882226204719,0.7219280948873623,1,0.25,3,0,0.9709505944546688,,3.0,2.0,
2f60767c8cfd4e089196630743d3e8d3,10,5,26.0,285.8,1559,0.6649432916503125,0.2595420837823607,0.2268234878734482,0.8770126553466608,1.34022683339875,130,1559,0.0833867864015394,2,"[0, 0, 0, 0, 1]",0.6649432916503125,0.7219280948873623,1,0.25,5,0,0.0,,5.0,,
a4f51376ba59499d9404e7462437f8a1,30,15,47.06666666666667,154.86666666666667,3029,0.2369400658652895,0.1835642270094716,-0.0086989558433345,0.5283000365784722,10.682839077885944,89,3029,0.0293826345328491,3,"[2, 0, 2, 2, 2, 0, 2, 1, 0, 1, 1, 0, 0, 1, 1]",0.2369400658652895,1.584962500721156,9,0.6428571428571429,9,0,0.9709505944546688,,9.0,6.0,
0906a2143aad4d4281014ea940684ab6,28,14,22.928571428571427,31.428571428571427,761,0.2508116739476999,0.1077772906820833,0.0117919510069041,0.4320754722947996,9.7394482386799,9,759,0.0118577075098814,3,"[1, 0, 1, 2, 2, 0, 2, 2, 2, 2, 0, 1, 0, 1]",0.2508116739476999,1.556656707462823,9,0.6923076923076923,6,0,0.9852281360342516,,6.0,8.0,
241ae40f56e74a2b9ec705eca74aca6e,20,10,24.1,23.0,471,0.1318847495918589,0.1034267497868485,0.0115411935855711,0.3585483940911863,7.813037253673269,9,470,0.0191489361702127,2,"[1, 1, 0, 0, 0, 1, 0, 0, 1, 1]",0.1318847495918589,1.0,4,0.4444444444444444,4,3,1.570950594454669,,4.0,3.0,3.0
63a557a646034b5d8e6971aa42580d38,10,5,13.4,93.0,532,0.4812197841760809,0.0861292829478677,0.3677159248047176,0.6024685283683502,2.0751208632956764,36,532,0.0676691729323308,2,"[0, 0, 0, 1, 1]",0.4812197841760809,0.9709505944546688,1,0.25,1,2,1.5219280948873626,2.0,,2.0,1.0
042d47941d9d4efd8edb1976ac51f39b,26,13,17.384615384615383,50.53846153846154,883,0.236405556152137,0.1757453364837028,0.0294754703789803,0.6808404550404956,9.163133326174355,14,882,0.0158730158730158,3,"[2, 0, 2, 2, 0, 1, 0, 0, 0, 0, 0, 1, 1]",0.236405556152137,1.4572659136233872,6,0.5,7,0,1.2957378005380122,5.0,1.0,,7.0
d8a2de232480475f923d3934cfd55da3,20,10,67.5,120.5,1880,0.3855318631334993,0.1537744947156889,0.1673417030423287,0.6705656489469675,5.530213231798506,106,1880,0.0563829787234042,2,"[1, 0, 0, 0, 1, 1, 1, 1, 1, 1]",0.3855318631334993,0.8812908992306927,2,0.2222222222222222,5,0,1.0,5.0,,,5.0
267e7c2cd884456cab6ee80f06821c3c,22,11,16.363636363636363,92.1818181818182,1194,0.1730201261230622,0.1565072875990973,0.033598948181279,0.6239004782127101,8.269798738769376,84,1193,0.0704107292539815,2,"[1, 0, 1, 1, 0, 1, 0, 1, 1, 0, 1]",0.1730201261230622,0.94566030460064,8,0.8,4,1,1.3221793455166666,6.0,,1.0,4.0
b1145f937bba4fa0b12ac1b1ebe960e9,24,12,58.41666666666666,598.1666666666666,7879,0.8651635423866963,0.2405112485559703,0.1664699428720377,1.0000000000000009,1.4832010337463388,529,7879,0.0671405000634598,2,"[0, 1, 0, 0, 0, 0, 0, 0, 0, 0, 0, 0]",0.8651635423866963,0.4138168503036338,2,0.1818181818181818,0,12,0.9798687566511528,,5.0,7.0,
ae41b38569a04f61a3701d429130df29,12,6,13.166666666666666,133.0,877,0.5711175178506375,0.2279516163080293,0.2749132183035505,0.8288808104654505,2.144412410746813,65,877,0.0741163055872291,2,"[0, 0, 0, 0, 0, 1]",0.5711175178506375,0.6500224216483541,1,0.2,5,0,0.6500224216483541,1.0,,,5.0
9b5c750855b04f1f86bc627a0b6f5cee,16,8,162.375,246.75,3273,0.5608220690963818,0.0606628211885139,0.4428507817688094,0.6508346955936317,3.074245516325328,286,3273,0.0873816070882982,2,"[1, 1, 0, 1, 0, 1, 0, 1]",0.5608220690963818,0.954434002924965,6,0.8571428571428571,0,0,0.954434002924965,3.0,5.0,,
9a622274af444b8ba8885f04a49ee5b9,26,13,78.6923076923077,27.07692307692308,1375,0.2008303907757494,0.2633217342901258,-0.0426161866062166,1.0000000000000004,9.590035310691007,12,1361,0.008817046289493,3,"[1, 1, 2, 2, 0, 0, 1, 1, 2, 0, 0, 0, 0]",0.2008303907757494,1.5262349099495225,5,0.4166666666666667,0,0,0.3912435636292556,12.0,1.0,,
d1a678ef1375468ea78f0b3ce90b95f9,10,5,63.0,253.4,1582,0.4164016286957697,0.0941356349205189,0.2798616183112662,0.5068366290693384,2.334393485216921,81,1582,0.0512010113780025,2,"[1, 0, 1, 0, 1]",0.4164016286957697,0.9709505944546688,4,1.0,4,1,0.7219280948873623,,,1.0,4.0
011100ebe5f447d1b17e1d55654da067,22,11,68.9090909090909,181.3636363636364,2753,0.5040754876363791,0.4049546040264862,-0.0009341467628704,0.9919607896678008,4.95924512363621,108,2753,0.0392299309843806,2,"[1, 1, 1, 1, 0, 0, 0, 1, 1, 1, 1]",0.5040754876363791,0.8453509366224364,2,0.2,0,9,0.6840384356390417,,2.0,9.0,
5b1f9168e20c4f1ba1f40c0fa38a0448,46,23,54.04347826086956,184.0,5475,0.5789748613787041,0.1374868297597801,0.2207761134780633,0.7901027129896346,9.26255304966851,467,5475,0.085296803652968,3,"[2, 2, 1, 1, 1, 0, 1, 0, 0, 0, 0, 0, 0, 0, 0, 0, 0, 0, 0, 1, 0, 0, 1]",0.5789748613787041,1.214295263080721,7,0.3181818181818182,6,0,1.4098449412673983,13.0,4.0,,6.0
8df60a652fac4a899cf4441d19743684,10,5,439.6,323.8,3817,0.9767909173255368,0.0060632543983945,0.96994476800506,0.983714334291689,0.0928363306978528,219,3817,0.0573749017553052,2,"[0, 0, 0, 0, 1]",0.9767909173255368,0.7219280948873623,1,0.25,5,0,0.0,,,,5.0
da0a198b0d554cf394da9e7a0a4da2e7,12,6,21.0,117.0,828,0.5713692314993393,0.413828277706565,0.0707866162983886,1.0000000000000009,2.143153842503304,65,827,0.0785973397823458,2,"[0, 0, 0, 0, 0, 1]",0.5713692314993393,0.6500224216483541,1,0.2,5,1,0.6500224216483541,,,1.0,5.0
7074ca71a9f84c9cb47e973070b020a3,16,8,15.25,9.25,196,0.4479829904758792,0.2485483293114099,0.0418289812357644,0.7863565353336366,3.864119066668846,10,196,0.0510204081632653,2,"[1, 0, 0, 0, 1, 1, 1, 1]",0.4479829904758792,0.954434002924965,2,0.2857142857142857,0,5,0.954434002924965,3.0,,5.0,
a632a3b22b9241f0ad3a0fa339367d3a,14,7,11.857142857142858,89.28571428571429,708,0.2756358358760831,0.2305834481601324,-0.0094092418580061,0.6017866383229478,4.346184984743501,29,708,0.0409604519774011,2,"[1, 0, 0, 1, 1, 1, 1]",0.2756358358760831,0.8631205685666311,2,0.3333333333333333,5,0,0.8631205685666311,2.0,,,5.0
f053e1082c1c459888113ca30e7ce99b,10,5,33.0,98.4,657,0.709365964202632,0.0544370955619929,0.6307083527165134,0.782441788116877,1.1625361431894716,64,657,0.0974124809741248,2,"[0, 0, 0, 0, 1]",0.709365964202632,0.7219280948873623,1,0.25,1,0,1.370950594454669,3.0,1.0,,1.0
aa5671d8ba194b63b66bc3e8900efeb4,16,8,24.375,204.75,1833,0.2586904783070161,0.1348631367963539,0.0307648617535476,0.4473849685719409,5.189166651850888,51,1833,0.027823240589198,2,"[0, 1, 0, 0, 1, 0, 1, 1]",0.2586904783070161,1.0,5,0.7142857142857143,4,0,1.4056390622295665,4.0,3.0,,1.0
5f0c77dafbdd41be919191584a23d780,24,12,39.91666666666666,161.16666666666666,2413,0.5275938697341936,0.2428917332765812,0.0525741340792508,0.9168378130247924,5.196467432923869,183,2413,0.0758392043099875,2,"[0, 0, 0, 0, 0, 0, 0, 0, 0, 0, 1, 1]",0.5275938697341936,0.6500224216483541,1,0.0909090909090909,11,0,0.4138168503036338,11.0,,,1.0
b9460e5e84b44bb788a641bd201b41df,20,10,69.5,186.8,2563,0.1492769910607727,0.3281827207010095,-0.0752628962966792,1.0000000000000009,7.656507080453045,73,2563,0.0284822473663675,2,"[0, 1, 1, 0, 0, 1, 0, 1, 1, 0]",0.1492769910607727,1.0,6,0.6666666666666666,4,1,1.3609640474436813,4.0,5.0,,1.0
e3b2b6a8cfe64a1f8a6b95155b225ca3,16,8,93.0,120.0,1704,0.2140304388321285,0.2398339280780068,0.0058839716765354,0.6581132403479184,5.5017869281751,36,1704,0.0211267605633802,2,"[1, 1, 0, 1, 0, 1, 0, 0]",0.2140304388321285,1.0,5,0.7142857142857143,0,1,1.2987949406953987,,5.0,1.0,2.0
7587f1adb9d14957ab1cbaa02fef2a40,38,19,79.6842105263158,76.84210526315789,2974,0.1840831041368904,0.1182595041646119,-0.008064337388363,0.4753611937131342,14.68650412553597,70,2974,0.0235373234700739,3,"[1, 0, 2, 0, 1, 2, 0, 0, 1, 1, 0, 1, 1, 1, 1, 1, 1, 1, 0]",0.1840831041368904,1.3235315761100483,10,0.5555555555555556,10,0,0.9980008838722996,10.0,9.0,,
823d04c2bd20450b97fe61de74755d94,26,13,23.615384615384617,140.3846153846154,2132,0.2289451593101093,0.2143625405976594,-0.0749944596116859,0.6864170005685251,9.252658088278688,52,2132,0.024390243902439,3,"[2, 2, 0, 0, 0, 1, 1, 2, 0, 1, 1, 2, 1]",0.2289451593101093,1.5766212201074914,7,0.5833333333333334,2,1,1.3346791410515946,2.0,8.0,,3.0
88b82966bc5d494c8fa87299aeaac565,26,13,22.76923076923077,33.53846153846154,732,0.1876516911976119,0.0933258468683912,0.0539105724622828,0.3404638491413183,9.748179705628656,21,731,0.0287277701778385,3,"[2, 2, 1, 1, 0, 1, 0, 1, 1, 0, 0, 2, 2]",0.1876516911976119,1.5766212201074914,7,0.5833333333333334,0,0,0.3912435636292556,,12.0,,1.0
e74da05bb49c4924ac772532523ddd29,10,5,68.2,5.0,366,0.9130765085111034,0.0421803781266224,0.8408394892983048,0.9473457577880328,0.3476939659555863,35,366,0.0956284153005464,2,"[0, 0, 0, 0, 1]",0.9130765085111034,0.7219280948873623,1,0.25,5,0,0.0,5.0,,,
ef1fdcd5b8b94435895eb10cdf1c265e,10,5,76.2,287.2,1817,0.7934486666849427,0.3577574036727744,0.173794666739769,1.0000000000000009,0.826205333260229,172,1817,0.0946615299944964,2,"[1, 0, 0, 0, 0]",0.7934486666849427,0.7219280948873623,1,0.25,0,5,0.0,,,,5.0
0440b8008f8842bf82039f3dd9903fa3,24,12,13.166666666666666,167.91666666666666,2173,0.4038734190237159,0.3280194987277783,0.0427049008829137,0.9821081558888216,6.557392390739124,81,2171,0.0373099953938277,2,"[0, 0, 0, 0, 0, 1, 1, 1, 1, 1, 1, 1]",0.4038734190237159,0.9798687566511528,1,0.0909090909090909,9,0,0.8112781244591328,9.0,3.0,,
3aa4d9a649124754a56c5a4b50180786,16,8,74.625,136.625,1690,0.6048551015283177,0.1218585547668052,0.3189727968034089,0.6897747624507903,2.766014289301776,179,1690,0.1059171597633136,2,"[0, 0, 0, 0, 0, 1, 1, 0]",0.6048551015283177,0.8112781244591328,2,0.2857142857142857,4,0,1.5,4.0,2.0,,2.0
4ecb128d8fcf47d8adfb991400da5464,12,6,15.333333333333334,109.66666666666669,750,0.2949477785087449,0.3563452245317001,-0.0755372691394296,0.8646846079525095,3.5252611074562754,13,750,0.0173333333333333,2,"[0, 1, 0, 1, 1, 0]",0.2949477785087449,1.0,4,0.8,4,1,1.2516291673878228,1.0,4.0,,1.0
3b19cfa78fd54762abac1d2cde0cd820,38,19,19.57894736842105,163.42105263157896,3477,0.2045073426710827,0.2353812813175611,-0.0114494713267954,0.759718919250363,14.318867831920508,91,3477,0.0261719873454127,3,"[2, 2, 1, 0, 1, 2, 2, 0, 1, 0, 2, 0, 1, 1, 1, 0, 1, 2, 2]",0.2045073426710827,1.568316493272887,13,0.7222222222222222,3,12,1.312430802347936,4.0,3.0,,12.0
32e49c0f545d42e18aa72ad85e906052,24,12,21.166666666666668,12.916666666666666,409,0.9529419879876716,0.0779357865865633,0.7923630083744936,1.0000000000000004,0.5176381321356118,33,409,0.0806845965770171,2,"[0, 0, 0, 0, 0, 0, 0, 0, 0, 1, 1, 0]",0.9529419879876716,0.6500224216483541,2,0.1818181818181818,11,0,0.4138168503036338,1.0,11.0,,
b378086a8e3846098303c0aee761c236,12,6,80.5,136.5,1302,0.1541737055404196,0.1859369277958951,-0.145867989515087,0.3415474026246666,4.229131472297903,26,1302,0.0199692780337941,2,"[0, 1, 0, 1, 0, 1]",0.1541737055404196,1.0,5,1.0,3,0,1.0,3.0,3.0,,
ebeb7dabfe8e464f8052b3b183a94477,16,8,26.625,216.125,1942,0.6342910455167327,0.1963543752190699,0.2004565376762966,0.8267246234944664,2.559962681382871,120,1942,0.0617919670442842,2,"[0, 0, 0, 0, 0, 0, 0, 1]",0.6342910455167327,0.5435644431995964,1,0.1428571428571428,4,4,1.75,1.0,4.0,2.0,1.0
e990b02d12204fe696b568a475ef3a7b,10,5,62.4,86.0,742,0.1278630691080862,0.0644538055207459,0.0791381334111544,0.2370096670909513,3.4885477235676547,17,742,0.022911051212938,2,"[1, 0, 0, 1, 0]",0.1278630691080862,0.9709505944546688,3,0.75,3,0,0.9709505944546688,2.0,3.0,,
98c692cc0b4f4f5abc68a1f9b7881c60,20,10,85.8,75.8,1616,0.5889072166979432,0.1889985849476738,0.2063858337020097,0.7989149456454648,3.6998350497185113,108,1616,0.0668316831683168,2,"[1, 0, 0, 0, 0, 0, 0, 0, 1, 0]",0.5889072166979432,0.7219280948873623,3,0.3333333333333333,2,0,1.370950594454669,6.0,2.0,2.0,
dc911ad8ae47436883a3b3be18489960,12,6,38.0,292.1666666666667,1981,0.9794168201917576,0.0116470814271608,0.967141261245612,0.9937267898907464,0.1029158990412116,76,1981,0.0383644623927309,2,"[1, 1, 0, 0, 1, 0]",0.9794168201917576,1.0,3,0.6,6,0,0.0,,6.0,,
781aedd1fcb64e7d94f8e7633f45881c,22,11,21.63636363636364,210.54545454545453,2554,0.3232421625327634,0.2923288058417904,-0.0380255867341048,0.9495536554286448,6.767578374672366,116,2552,0.0454545454545454,2,"[0, 0, 0, 0, 0, 1, 1, 1, 0, 0, 0]",0.3232421625327634,0.8453509366224364,2,0.2,8,2,1.0957952550009338,1.0,8.0,,2.0
e9ee76ce347c4959bfb38899f967394d,16,8,172.375,183.75,2849,0.7036055651855937,0.2499427673418284,0.3095266216733219,0.9677550506776516,2.0747610437008444,284,2848,0.0997191011235955,2,"[0, 0, 0, 0, 0, 0, 0, 1]",0.7036055651855937,0.5435644431995964,1,0.1428571428571428,1,1,1.061278124459133,,1.0,6.0,1.0
c3ef100b9a9e4531b43b98558f7b19a7,12,6,176.83333333333334,126.5,1820,0.6404428274525694,0.2362558730680203,0.3182291758356684,0.8532708548022494,1.7977858627371532,126,1820,0.0692307692307692,2,"[0, 0, 0, 0, 1, 0]",0.6404428274525694,0.6500224216483541,2,0.4,0,1,1.459147917027245,2.0,,3.0,1.0
345d018a781740c985b5c8bdde09dad8,12,6,80.0,390.1666666666667,2821,0.6248984200648658,0.087743901195981,0.5163664795829492,0.7307247847718252,1.8755078996756709,241,2821,0.0854306983339241,2,"[0, 0, 0, 0, 0, 1]",0.6248984200648658,0.6500224216483541,1,0.2,0,2,1.459147917027245,3.0,,1.0,2.0
515f52eb78e34ad8880debd5022a7d1b,16,8,21.125,96.25,939,0.6285626773896922,0.247339000935979,0.2454540178808369,1.0000000000000009,2.600061258272155,82,939,0.0873269435569755,2,"[1, 1, 0, 1, 1, 1, 1, 1]",0.6285626773896922,0.5435644431995964,2,0.2857142857142857,0,5,0.954434002924965,,,5.0,3.0
63b4fb9085c3442f8d4201e91dfffa8b,12,6,180.5,69.5,1500,0.478738705895913,0.0226571998272864,0.4515348899508067,0.508743492710905,2.606306470520435,99,1496,0.0661764705882353,2,"[0, 0, 0, 0, 0, 1]",0.478738705895913,0.6500224216483541,1,0.2,2,0,1.459147917027245,3.0,2.0,1.0,
a3e34e182dea45a1bb415bd3f875b363,10,5,212.2,156.4,1843,0.3390367140925012,0.4002541584491589,0.019281578307051,1.0000000000000009,2.643853143629995,60,1841,0.0325909831613253,2,"[1, 0, 0, 1, 1]",0.3390367140925012,0.9709505944546688,2,0.5,4,0,0.7219280948873623,,4.0,1.0,
b6b46c49de514f15bdb89bbde63d74eb,10,5,30.6,164.6,976,0.3822677280540041,0.1543484496069509,0.2009037931847619,0.6215652842667504,2.470929087783983,37,976,0.0379098360655737,2,"[0, 0, 1, 0, 1]",0.3822677280540041,0.9709505944546688,3,0.75,2,0,0.9709505944546688,3.0,2.0,,
6b6c6733c3a54183bf4d5842cc925320,34,17,44.70588235294117,207.1764705882353,4282,0.2601037151286518,0.1203046746831459,0.0664801194203986,0.4583767254356096,11.83834055794157,107,4278,0.0250116877045348,3,"[1, 2, 2, 1, 1, 2, 0, 2, 2, 1, 2, 2, 0, 0, 2, 1, 2]",0.2601037151286518,1.4466479595102752,11,0.6875,10,0,0.9774178175281716,7.0,10.0,,
f838e4241c80441f972da8358e080f0f,20,10,12.1,109.5,1216,0.4986922208172926,0.2810255981861699,0.0913194419318165,0.8807562375733236,4.511770012644368,51,1216,0.0419407894736842,2,"[0, 0, 0, 0, 0, 0, 0, 1, 1, 1]",0.4986922208172926,0.8812908992306927,1,0.1111111111111111,2,0,0.7219280948873623,2.0,8.0,,
05d8f9daf3ae4503945148d92736cbe5,12,6,19.166666666666668,262.8333333333333,1692,0.2147644577160817,0.0881768434129596,0.078252390698572,0.301995291468362,3.926177711419591,45,1691,0.0266114725014784,2,"[0, 1, 0, 0, 1, 1]",0.2147644577160817,1.0,3,0.6,6,0,0.0,6.0,,,
969c8fbe6a064bf0b06139373a7eba7c,10,5,27.2,277.0,1521,0.3395721418071283,0.1618106629966076,0.1185100924172838,0.5681670419424454,2.6417114327714866,68,1521,0.0447074293228139,2,"[0, 0, 0, 1, 1]",0.3395721418071283,0.9709505944546688,1,0.25,0,0,0.9709505944546688,,2.0,3.0,
d30e0241b02b4bb597484704cd667fa5,28,14,55.21428571428572,109.14285714285714,2301,0.1903707658305714,0.1125741567936047,-0.0498294285231239,0.3042388133553192,10.525180044202571,65,2300,0.0282608695652173,3,"[2, 2, 0, 1, 1, 0, 2, 0, 2, 0, 1, 1, 1, 1]",0.1903707658305714,1.556656707462823,8,0.6153846153846154,6,1,1.2958363892911635,6.0,7.0,,1.0
b08716325e994913bbbb1c7638d13b6f,18,9,24.55555555555556,149.66666666666666,1568,0.5612594626641924,0.2945278073047903,0.1807321115983545,1.0000000000000009,3.509924298686461,145,1568,0.0924744897959183,2,"[1, 1, 1, 0, 1, 1, 1, 1, 0]",0.5612594626641924,0.7642045065086203,3,0.375,6,0,0.9182958340544894,6.0,,3.0,
14ad0517ad074bd49203fd44707e910d,50,25,101.48,259.0,9012,0.4667506705147737,0.2002829167187739,0.0687194031198759,1.0,12.797983907645431,176,9007,0.0195403574997224,4,"[2, 2, 2, 2, 2, 2, 2, 2, 2, 0, 0, 1, 2, 2, 2, 2, 2, 1, 1, 1, 2, 2, 3, 2, 2]",0.4667506705147737,1.24151018873626,7,0.2916666666666667,7,0,1.5166238110793633,7.0,12.0,6.0,
7184b27b88cb4d2fb2fb065676e875ba,10,5,12.0,58.4,352,0.3116808936942255,0.363238316249204,-0.0249201215392476,0.903639637705452,2.753276425223098,12,352,0.034090909090909,2,"[0, 0, 0, 1, 1]",0.3116808936942255,0.9709505944546688,1,0.25,4,0,0.7219280948873623,4.0,1.0,,
05d6b8daf3604a41a27d64e688149405,14,7,64.71428571428571,84.14285714285714,1042,0.1030114353819005,0.0728425651008644,0.0534187769436584,0.2562023070099782,5.3819313877085975,11,1040,0.010576923076923,2,"[0, 1, 0, 1, 1, 0, 1]",0.1030114353819005,0.9852281360342516,5,0.8333333333333334,0,0,0.8631205685666311,,5.0,2.0,
1585c394d03248cda1a4afe1332c52ad,10,5,24.6,98.2,614,0.7429302240032427,0.3530067765590143,0.132028495608474,0.9657181833209056,1.0282791039870292,38,610,0.0622950819672131,2,"[0, 0, 0, 0, 1]",0.7429302240032427,0.7219280948873623,1,0.25,1,1,1.370950594454669,1.0,3.0,,1.0
184fabd0659f4539a5678e29404ce945,10,5,132.4,46.6,895,0.3419970346298124,0.0950181610260221,0.2587463156548237,0.4981925774175618,2.63201186148075,36,895,0.0402234636871508,2,"[1, 0, 0, 1, 0]",0.3419970346298124,0.9709505944546688,3,0.75,0,0,0.9709505944546688,,3.0,2.0,
7f49f6d04c2d4b78a7230d0d1f8dc971,18,9,37.333333333333336,91.33333333333331,1158,0.3120985956473083,0.1185999183774802,0.1335230141830178,0.5399590283503896,5.503211234821532,55,1158,0.0474956822107081,2,"[0, 0, 1, 0, 1, 0, 0, 0, 1]",0.3120985956473083,0.9182958340544894,5,0.625,2,0,1.2243944454059863,2.0,6.0,1.0,
5f0f58876aef4e1386e3c26ea769b763,10,5,81.6,258.6,1701,0.3470123071518424,0.1655382873460088,0.0951527823691356,0.5509045231696548,2.61195077139263,90,1701,0.0529100529100529,2,"[1, 0, 1, 1, 0]",0.3470123071518424,0.9709505944546688,3,0.75,2,0,0.9709505944546688,2.0,,3.0,
47a897e054c14eb79bc0392d4009227c,10,5,12.4,193.6,1030,0.6198964340648189,0.1032311286158642,0.4600213078030906,0.7278000573006793,1.5204142637407247,111,1030,0.1077669902912621,2,"[0, 0, 0, 0, 1]",0.6198964340648189,0.7219280948873623,1,0.25,5,0,0.0,,5.0,,
efc731dcf4014abe9f4ad77350ec5745,12,6,123.66666666666669,75.16666666666667,1193,0.9647916702479156,0.0247069159522405,0.9190438292307748,0.9905733588017058,0.1760416487604221,65,1190,0.0546218487394958,2,"[0, 0, 0, 1, 1, 1]",0.9647916702479156,1.0,1,0.2,6,0,0.0,,6.0,,
12a5ccd8bb154402bef745ff0e36e81e,28,14,17.214285714285715,63.07142857142857,1124,0.2603845560828006,0.1815817044115739,0.009044768076134,0.5422167975025585,9.615000770923594,32,1124,0.0284697508896797,3,"[2, 2, 2, 0, 1, 0, 0, 0, 2, 1, 1, 1, 1, 0]",0.2603845560828006,1.5774062828523454,6,0.4615384615384615,11,0,0.74959525725948,,11.0,3.0,
8c1bd46228d4406a83760129689f6eb9,16,8,47.25,115.875,1305,0.3784542219227629,0.1462170775951861,0.2051490865798542,0.667176822407118,4.35082044654066,105,1305,0.0804597701149425,2,"[1, 0, 0, 0, 1, 1, 1, 1]",0.3784542219227629,0.954434002924965,2,0.2857142857142857,4,0,1.5,,4.0,2.0,2.0
6dda22269d644f3daea99766a4d2b118,26,13,10.384615384615383,175.30769230769232,2414,0.2480305718151858,0.1278417586386853,0.0683936515780693,0.4796863971058229,9.02363313821777,54,2360,0.0228813559322033,3,"[2, 1, 0, 0, 0, 0, 0, 1, 0, 1, 0, 0, 0]",0.2480305718151858,1.1401156785146092,6,0.5,6,1,1.3143204867061786,1.0,6.0,6.0,
81ccb01ab7834f8ea41c7a9c981aa35e,12,6,102.5,77.66666666666667,1081,0.0661844727956727,0.0280772374482615,0.0307405950793264,0.0982418576600298,4.669077636021637,19,1081,0.0175763182238667,2,"[0, 1, 0, 1, 0, 1]",0.0661844727956727,1.0,5,1.0,2,3,1.459147917027245,1.0,2.0,3.0,
8b89bc95365e459fb6e90a3de7ce8bec,38,19,23.105263157894736,17.789473684210527,777,0.2298643561688677,0.2592446559887127,0.0030391469809948,0.8169087211214419,13.862441588960383,5,776,0.0064432989690721,3,"[2, 2, 0, 0, 0, 0, 2, 0, 2, 0, 2, 0, 1, 1, 1, 1, 0, 0, 0]",0.2298643561688677,1.4674579648482995,9,0.5,3,1,1.4832261969709115,1.0,3.0,12.0,3.0
4cfff8c83aeb43c99c8373be35043e96,16,8,53.0,305.0,2864,0.7383538025317163,0.2398100740539273,0.2320237607023615,0.9916235067968764,1.8315233822779853,421,2864,0.1469972067039106,2,"[1, 1, 0, 1, 1, 1, 1, 1]",0.7383538025317163,0.5435644431995964,2,0.2857142857142857,0,0,0.8112781244591328,,,2.0,6.0
4751398e0b97411e9abce9f4c9d17ecb,12,6,22.666666666666668,122.5,871,0.6253792925497713,0.1182452696526368,0.3926225478584987,0.7212882292262003,1.8731035372511435,22,871,0.0252583237657864,2,"[0, 0, 0, 1, 1, 1]",0.6253792925497713,1.0,1,0.2,3,0,1.0,,3.0,3.0,
97750197cd484872920bda3daa72960b,14,7,10.714285714285714,122.0,929,0.6574060108424277,0.3074156303871114,-0.0181339997156917,0.8594061019695614,2.0555639349454338,57,929,0.061356297093649,2,"[0, 0, 0, 0, 0, 0, 1]",0.6574060108424277,0.5916727785823274,1,0.1666666666666666,6,0,0.5916727785823274,,6.0,1.0,
a1ee859efd844f0e9ca7b2cb8c550372,14,7,12.857142857142858,48.0,426,0.3615340413035233,0.0927093336193542,0.260379997301374,0.533784079045867,3.83079575217886,26,426,0.0610328638497652,2,"[1, 0, 0, 0, 1, 1, 1]",0.3615340413035233,0.9852281360342516,2,0.3333333333333333,4,0,1.3787834934861756,,4.0,2.0,1.0
f6ee7ddde11f43d99fb13afbd7453b7d,16,8,13.625,59.5,585,0.6046098288724598,0.0910793535801196,0.5094401368756403,0.7774976987109947,2.767731197892781,35,585,0.0598290598290598,2,"[0, 0, 0, 0, 0, 0, 0, 1]",0.6046098288724598,0.5435644431995964,1,0.1428571428571428,3,2,1.9056390622295665,2.0,3.0,2.0,1.0
ac524ffba81d43b1952519a0e11e230a,16,8,19.875,35.5,443,0.3242881752383022,0.1190389265730151,0.1674706200340702,0.5123197949373341,4.729982773331884,15,443,0.0338600451467268,2,"[1, 1, 0, 0, 1, 0, 1, 1]",0.3242881752383022,0.954434002924965,4,0.5714285714285714,4,0,1.0,,4.0,4.0,
0c2e7bae9f69403b887f7ee89a63d0d0,46,23,13.91304347826087,71.82608695652173,1972,0.2157756200186471,0.1095627913273917,0.0869877434236578,0.4773654362409683,17.25293635958976,108,1972,0.0547667342799188,3,"[1, 2, 2, 1, 1, 2, 0, 2, 0, 0, 0, 0, 2, 0, 1, 2, 1, 0, 1, 2, 1, 2, 1]",0.2157756200186471,1.5821930667351334,17,0.7727272727272727,10,0,1.2088301752949475,10.0,1.0,12.0,
8910b3962944499299ba2058262137bc,12,6,215.16666666666663,200.5,2494,0.4493858879342152,0.3299300492992287,0.0459131224245667,1.0000000000000004,2.753070560328924,120,2493,0.0481347773766546,2,"[1, 0, 0, 1, 1, 1]",0.4493858879342152,0.9182958340544894,2,0.4,2,0,0.9182958340544894,2.0,4.0,,
c32703720a144b3cb5658fb459b26f41,50,25,30.64,235.72,6659,0.2179440027596182,0.1257492223253418,0.0226065595363411,0.4883845808321415,18.769343933769164,193,6590,0.0292867981790591,4,"[3, 2, 1, 1, 1, 1, 3, 1, 3, 0, 3, 3, 3, 0, 0, 1, 3, 1, 3, 1, 1, 3, 1, 3, 2]",0.2179440027596182,1.716118213778296,17,0.7083333333333334,14,0,0.9895875212220556,14.0,,11.0,
aba62d3ae9474ebfa4b810380dc98119,44,22,76.31818181818181,219.4090909090909,6506,0.1416483057781581,0.1538286182080038,-0.0741058633390809,0.4967177907190017,18.02538557865868,190,6506,0.0292038118659698,3,"[1, 2, 0, 2, 1, 0, 1, 2, 0, 0, 2, 1, 1, 1, 0, 1, 0, 0, 1, 2, 1, 0]",0.1416483057781581,1.5440240964819507,17,0.8095238095238095,21,0,0.266764987803026,21.0,,1.0,
9d4de0f5fc874e6f9fe2d44d1a6ec3f7,34,17,18.11764705882353,197.8235294117647,3671,0.4874031525132939,0.3120796588453183,0.10923750501751,1.0000000000000004,8.201549559787297,619,3671,0.1686189049305366,3,"[2, 2, 2, 2, 0, 2, 0, 0, 0, 0, 0, 1, 1, 1, 1, 1, 0]",0.4874031525132939,1.5656531116458188,5,0.3125,1,4,1.5451521971989497,1.0,2.0,10.0,4.0
93fc6d3911f9432b8a3bfae8ba429750,10,5,365.0,130.8,2479,0.84600767551666,0.1451755628160248,0.6223253516416647,0.9781689978889466,0.61596929793336,167,2478,0.0673930589184826,2,"[0, 0, 0, 0, 1]",0.84600767551666,0.7219280948873623,1,0.25,5,5,0.0,5.0,,,
6cd8bee1e5854daabe183af62327c998,30,15,39.53333333333333,67.93333333333334,1612,0.3247198145207339,0.1856221012769001,0.1015950128708504,0.7748553833743776,9.453922596709724,126,1612,0.0781637717121588,3,"[1, 2, 1, 2, 1, 0, 1, 1, 1, 2, 0, 2, 1, 0, 1]",0.3247198145207339,1.4565647621309543,12,0.8571428571428571,2,0,1.103307408607834,2.0,2.0,11.0,
e6cd87c6d8b84d66855e7fb5d7202288,12,6,81.66666666666667,304.1666666666667,2315,0.1467235438825249,0.1234367202873572,-0.0028122233760554,0.3231742661658977,4.266382280587376,58,2315,0.0250539956803455,2,"[1, 0, 0, 1, 0, 1]",0.1467235438825249,1.0,4,0.8,2,0,1.459147917027245,2.0,1.0,3.0,
ca84680882ce490d97e08175c13a5791,58,29,13.06896551724138,217.06896551724137,6674,0.3239505110139346,0.1787694080077627,0.0649836900097245,0.7898905096526265,18.92938569160984,535,6674,0.0801618219958046,4,"[1, 0, 0, 3, 2, 2, 1, 1, 1, 2, 0, 1, 0, 0, 1, 2, 1, 3, 3, 1, 2, 3, 3, 3, 3, 3, 1, 1, 2]",0.3239505110139346,1.949750083829732,17,0.6071428571428571,6,7,1.822744329723164,6.0,7.0,13.0,3.0
ceb4ae0626274d12a5907b408f8d6588,22,11,12.909090909090908,252.9090909090909,2924,0.4969874886271695,0.3074226510432512,-0.0236112695630432,0.8014233987588084,5.030125113728304,131,2922,0.0448323066392881,2,"[1, 1, 0, 0, 0, 0, 1, 1, 1, 1, 1]",0.4969874886271695,0.94566030460064,2,0.2,9,1,0.8658566174572236,9.0,,1.0,1.0
6906863bdf7a4bf29b45408f61d61583,10,5,205.6,237.6,2216,0.8399881822310992,0.0936841832966187,0.7612481825085385,1.0000000000000002,0.6400472710756032,34,2208,0.0153985507246376,2,"[0, 0, 1, 0, 1]",0.8399881822310992,0.9709505944546688,3,0.75,0,0,0.0,,,5.0,
c1d8183f170a43d98bc4da1f8a8800de,16,8,13.875,180.75,1557,0.3110462380033192,0.2799780388133397,-0.0300744812636726,0.7810281262585774,4.822676333976765,81,1557,0.0520231213872832,2,"[1, 0, 0, 1, 1, 1, 1, 0]",0.3110462380033192,0.954434002924965,3,0.4285714285714285,1,1,1.061278124459133,1.0,,6.0,1.0
0623c55fdff647ab83e1dc1175e02dca,10,5,112.4,261.4,1869,0.4801384080925005,0.2375576287204671,0.2307529266969445,0.8449991491204969,2.079446367629998,73,1869,0.0390583199571963,2,"[0, 0, 0, 1, 1]",0.4801384080925005,0.9709505944546688,1,0.25,3,1,0.9709505944546688,3.0,2.0,,
df1e62eb43174a29b41350420ef68ece,22,11,68.81818181818181,67.0909090909091,1495,0.1581992414864525,0.280606356770937,0.0622739903062913,0.9999999999999996,8.418007585135474,17,1491,0.0114017437961099,2,"[0, 1, 0, 1, 0, 1, 0, 1, 0, 0, 1]",0.1581992414864525,0.9940302114769566,9,0.9,5,0,0.9940302114769566,5.0,6.0,,
1526f687a9234622a0f834e60fe518b3,14,7,14.857142857142858,102.0,818,0.2918661065503874,0.2486236866599132,0.0126847603664758,0.6416499746943849,4.248803360697676,40,818,0.0488997555012225,2,"[1, 0, 0, 1, 0, 1, 0]",0.2918661065503874,0.9852281360342516,5,0.8333333333333334,3,0,0.9852281360342516,3.0,,4.0,
993632c66b1449a1820fd6ea667d44ca,34,17,29.41176470588235,63.47058823529412,1579,0.7153041914978412,0.3196837331359178,0.1003805447530061,1.0000000000000004,4.555132936034541,66,1579,0.0417986067131095,3,"[2, 0, 1, 1, 1, 0, 0, 0, 1, 1, 1, 1, 1, 1, 1, 1, 1]",0.7153041914978412,1.086312840741288,4,0.25,2,0,1.260771793896794,2.0,4.0,11.0,
ab1ba4ccba4b4cf6812f90914b82d053,12,6,12.333333333333334,125.33333333333331,826,0.5584573054047782,0.2281933004288042,0.313565276142288,0.9404043415448414,2.207713472976109,55,826,0.0665859564164648,2,"[1, 1, 0, 1, 1, 1]",0.5584573054047782,0.6500224216483541,2,0.4,4,0,0.9182958340544894,4.0,,2.0,
4b324cf92fac45b08b47f9460d0cea09,24,12,15.166666666666666,70.75,1031,0.2863467148459126,0.218645955559308,-0.0686595846683038,0.6125666365920589,7.850186136694961,40,1023,0.0391006842619745,2,"[0, 0, 0, 0, 0, 0, 0, 1, 1, 1, 1, 0]",0.2863467148459126,0.9182958340544894,2,0.1818181818181818,9,0,0.8112781244591328,9.0,,3.0,
9c460fc768544ef687398dbf665e19a0,12,6,107.5,105.5,1278,0.2134768638711999,0.1042846539165166,0.0642002044575365,0.3576671701715536,3.932615680644,35,1278,0.0273865414710485,2,"[0, 1, 0, 0, 1, 1]",0.2134768638711999,1.0,3,0.6,6,0,0.0,6.0,,,
907e4019b66849b4959a4af7fccabf90,16,8,41.375,168.125,1676,0.2110704819465959,0.2839657769552854,0.0114145242193113,0.8220823399757575,5.522506626373829,46,1676,0.0274463007159904,2,"[0, 1, 0, 1, 0, 0, 1, 1]",0.2110704819465959,1.0,5,0.7142857142857143,0,0,0.8112781244591328,,2.0,6.0,
1f92fe340bfd43789593ba1201969f1d,92,46,13.08695652173913,60.23913043478261,3373,0.1636184013426141,0.1650274254884495,-0.0432190903629004,0.8719804601570738,37.63717193958236,72,3328,0.0216346153846153,5,"[3, 3, 1, 2, 2, 3, 2, 3, 2, 2, 2, 2, 0, 4, 3, 4, 1, 0, 3, 1, 1, 1, 3, 4, 4, 4, 0, 4, 0, 4, 2, 3, 3, 3, 2, 2, 1, 2, 4, 1, 4, 0, 3, 1, 4, 0]",0.1636184013426141,2.287984748160902,33,0.7333333333333333,14,3,1.7014568152875849,14.0,7.0,22.0,3.0
e251db9369114f919d5c4dff4492240c,12,6,86.66666666666667,114.0,1204,0.162885972657537,0.1165454365238407,0.0092068857613337,0.3459313061151092,4.185570136712315,25,1204,0.0207641196013289,2,"[1, 0, 0, 1, 1, 0]",0.162885972657537,1.0,3,0.6,5,0,0.6500224216483541,1.0,5.0,,
ae268eea4e1f4a38abf41843e6410784,12,6,13.833333333333334,315.8333333333333,1978,0.2290583170591655,0.1706385435988172,0.0875054875937293,0.553658618631489,3.854708414704173,33,1978,0.0166835187057633,2,"[0, 1, 0, 1, 0, 1]",0.2290583170591655,1.0,5,1.0,1,0,0.6500224216483541,5.0,1.0,,
09af3d8a91e54d309ed3000dd1304b38,16,8,63.375,109.125,1380,0.2298008534711639,0.2523416013720275,-0.0410463954284196,0.7621424357746631,5.391394025701853,20,1373,0.0145666423889293,2,"[0, 1, 0, 1, 1, 1, 0, 0]",0.2298008534711639,1.0,4,0.5714285714285714,0,0,0.5435644431995964,7.0,,1.0,
e2c43ad8013641d0bb28874814d87132,16,8,30.5,334.875,2923,0.7782854010877198,0.2249281966398296,0.4474864858592545,0.9872874299748688,1.552002192385961,382,2923,0.1306876496749914,2,"[0, 0, 0, 0, 0, 0, 1, 1]",0.7782854010877198,0.8112781244591328,1,0.1428571428571428,0,8,0.0,,,,8.0
db12ce614599486da972c3a53c64de5c,26,13,29.615384615384617,109.53846153846152,1809,0.2400795052098167,0.1336560615768601,0.0645795856017236,0.5038546585451628,9.119045937482198,39,1809,0.0215588723051409,3,"[2, 1, 2, 2, 0, 1, 1, 1, 1, 1, 0, 1, 1]",0.2400795052098167,1.3346791410515946,6,0.5,1,3,1.3520301017579528,9.0,1.0,1.0,2.0
e77dfd656a09401db75ad905ad9e3217,22,11,18.454545454545453,94.63636363636364,1244,0.2649838296255788,0.1364632465218896,0.1290032381981037,0.5782095887037362,7.350161703744211,37,1244,0.0297427652733119,2,"[1, 1, 0, 1, 0, 0, 0, 1, 0, 1, 0]",0.2649838296255788,0.9940302114769566,7,0.7,3,0,1.2406705316766884,7.0,3.0,1.0,
0d094767d6dd49bb8692eb126bd58afa,42,21,13.80952380952381,41.095238095238095,1153,0.2684153617239633,0.2251008831591211,0.0072054019488839,0.7957090252155465,14.631692765520732,80,1153,0.0693842150910667,3,"[0, 2, 1, 1, 1, 0, 0, 0, 0, 0, 0, 0, 0, 0, 0, 1, 1, 2, 2, 2, 0]",0.2684153617239633,1.409975018822061,6,0.3,7,0,1.1657840518150735,13.0,7.0,1.0,
c8baf393a6414978909933ec09552d82,22,11,49.45454545454545,60.45454545454545,1209,0.49620788538734,0.1524792442666049,0.1506458025554981,0.7334140810868628,5.0379211461266,58,1209,0.0479735318444995,2,"[0, 0, 1, 1, 0, 0, 1, 1, 1, 1, 1]",0.49620788538734,0.94566030460064,3,0.3,3,0,0.8453509366224364,8.0,3.0,,
6bb2ffbcbe3e40c2b9c3fa3f3b11a413,10,5,23.8,281.6,1527,0.3463714892593503,0.0675074141886475,0.2439113865937095,0.4269488152308782,2.6145140429625986,63,1527,0.0412573673870334,2,"[0, 0, 1, 1, 1]",0.3463714892593503,0.9709505944546688,1,0.25,0,5,0.7219280948873623,,,4.0,1.0
6895e845d1c8430abe42c3f4f2459472,10,5,39.8,219.2,1295,0.5200131376233623,0.1671446502377213,0.2658291886400568,0.7020703763688245,1.9199474495065507,108,1295,0.0833976833976834,2,"[0, 0, 0, 0, 1]",0.5200131376233623,0.7219280948873623,1,0.25,1,0,1.5219280948873626,2.0,1.0,2.0,
f070d5b8ba384ffba7c08f07e78b10f5,16,8,16.875,96.0,903,0.2147201091927969,0.2399146950612279,-0.1150540290821669,0.6469504450055159,5.49695923565042,17,903,0.0188261351052048,2,"[1, 0, 0, 1, 0, 0, 1, 1]",0.2147201091927969,1.0,4,0.5714285714285714,1,1,1.061278124459133,1.0,6.0,1.0,
427f8c4c26ee41bfaf7fc9402b438ee4,14,7,12.857142857142858,244.0,1798,0.5382713957688064,0.2705831390810529,0.1543303415460084,1.0000000000000002,2.770371625387161,107,1798,0.0595105672969966,2,"[0, 0, 0, 0, 0, 0, 1]",0.5382713957688064,0.5916727785823274,1,0.1666666666666666,0,0,0.0,,7.0,,
5c86655b68e0447890d533bdd91d31b7,16,8,25.5,215.625,1929,0.4085066296526166,0.1928453115739043,0.1448369097074038,0.6612303676920819,4.140453592431684,82,1928,0.0425311203319502,2,"[0, 0, 0, 0, 0, 1, 1, 1]",0.4085066296526166,0.954434002924965,1,0.1428571428571428,6,0,0.8112781244591328,,2.0,6.0,
c4bfb4e44e764d32bc05757c6ab86d3b,18,9,133.0,173.88888888888889,2762,0.6205569763743406,0.1287017023073232,0.4439386563334975,0.8565261966412062,3.0355441890052752,168,2762,0.0608254887762491,2,"[0, 0, 0, 0, 0, 0, 1, 0, 0]",0.6205569763743406,0.5032583347756457,2,0.25,9,0,0.0,,,9.0,
7917dcf791e64c67a82e5b09cd9760e5,12,6,11.333333333333334,226.5,1427,0.3030765113496135,0.1835481326116093,0.0761216589938141,0.5906795302461025,3.484617443251933,59,1427,0.0413454800280308,2,"[1, 0, 0, 1, 1, 1]",0.3030765113496135,0.9182958340544894,2,0.4,3,3,1.0,3.0,,3.0,
3096167dc16641d2a50c5a49b7963cd6,10,5,32.2,93.8,630,0.7445293628609138,0.2414653193986949,0.4020193609894704,0.9852222082566836,1.0218825485563452,42,629,0.0667726550079491,2,"[0, 0, 0, 0, 1]",0.7445293628609138,0.7219280948873623,1,0.25,0,1,0.7219280948873623,1.0,4.0,,
aa0f8493e5814f9db69b0d4b8b0bc79a,12,6,30.33333333333333,138.33333333333334,1012,0.5894718908931813,0.3461609771743072,0.0694250897331667,0.904023484260504,2.052640545534094,32,1012,0.0316205533596837,2,"[0, 0, 0, 1, 1, 1]",0.5894718908931813,1.0,1,0.2,6,0,0.0,,,6.0,
46e00265654c404986b2222282017aec,10,5,13.0,194.4,1037,0.107665225369234,0.162929843637392,-0.0567148432330815,0.3787245469575185,3.569339098523064,52,1036,0.0501930501930501,2,"[1, 0, 1, 1, 0]",0.107665225369234,0.9709505944546688,3,0.75,1,0,1.5219280948873626,,2.0,1.0,2.0
9cc24e805c9d46f7847b48479f499b22,12,6,179.83333333333334,74.16666666666667,1524,-0.0245330464616845,0.0793722113917312,-0.0720372632417888,0.1331536974790902,5.122665232308423,44,1524,0.0288713910761154,2,"[0, 1, 0, 1, 0, 1]",-0.0245330464616845,1.0,5,1.0,3,0,1.0,,3.0,3.0,
f3450917ac8846968e0cc63285ead6f7,40,20,17.85,41.8,1193,0.235133644621978,0.2177557634748118,-0.0473740901985946,0.7137856503800577,14.532460752182416,34,1193,0.0284995808885163,3,"[1, 2, 2, 2, 2, 2, 2, 0, 2, 2, 2, 1, 1, 1, 0, 1, 0, 0, 1, 1]",0.235133644621978,1.5128876215181606,8,0.4210526315789473,16,1,0.8841837197791889,1.0,3.0,16.0,
6c9370d561424f709fcf3a5f7b4da893,10,5,65.0,170.4,1177,0.399515225677736,0.2376529351752528,-0.0010343721760581,0.5960508808300882,2.401939097289056,56,1177,0.0475785896346644,2,"[0, 0, 1, 1, 1]",0.399515225677736,0.9709505944546688,1,0.25,3,0,0.9709505944546688,,2.0,3.0,
0ac1d5c389d4433e95a911fd60e73a07,16,8,75.375,147.125,1780,0.555948096734756,0.1922598767708963,0.1294270592969489,0.7855345848341289,3.108363322856708,178,1780,0.1,2,"[0, 0, 0, 0, 0, 0, 1, 1]",0.555948096734756,0.8112781244591328,1,0.1428571428571428,0,0,0.0,,8.0,,
03131ca0970c411ab4f09ab67cc8bd90,34,17,11.764705882352942,41.47058823529412,905,0.110845225787411,0.2330619836914583,-0.0222275231597517,0.9730891508145424,14.226476387401425,17,903,0.0188261351052048,3,"[0, 0, 2, 0, 1, 1, 0, 2, 2, 1, 1, 2, 1, 1, 1, 0, 2]",0.110845225787411,1.5656531116458188,10,0.625,13,0,0.787126586201269,,4.0,13.0,
b5ad194ce71444778393c9da4cf03e53,18,9,95.55555555555556,111.0,1859,0.8413987986975617,0.1917180960311292,0.4891848629411491,0.9870671340586876,1.2688096104195066,128,1853,0.0690771721532649,2,"[1, 1, 0, 0, 0, 0, 0, 0, 0]",0.8413987986975617,0.7642045065086203,1,0.125,2,0,1.2243944454059863,,1.0,2.0,6.0
239a7a1acad741bc9149b76722501710,10,5,87.4,76.2,818,0.3833594149967402,0.1236838499580914,0.2878948327298397,0.5957035190539113,2.4665623400130388,55,818,0.0672371638141809,2,"[1, 0, 1, 1, 0]",0.3833594149967402,0.9709505944546688,3,0.75,2,0,0.9709505944546688,2.0,,3.0,
ecad5e32b7f347a1a1d0b3ea2cf22d4c,12,6,11.833333333333334,38.0,299,0.2985652775766615,0.1493480069114029,0.1547071463917695,0.5390251205209635,3.5071736121166923,11,299,0.0367892976588628,2,"[1, 0, 0, 1, 1, 1]",0.2985652775766615,0.9182958340544894,2,0.4,3,0,1.0,3.0,,3.0,
509f97de09b74b26bc84b4729090527b,12,6,65.33333333333333,10.833333333333334,457,0.2938216925554927,0.1224651663487905,0.1932037631066606,0.4811727545998027,3.530891537222536,2,457,0.0043763676148796,2,"[1, 0, 0, 1, 0, 1]",0.2938216925554927,1.0,4,0.8,5,0,0.6500224216483541,5.0,,1.0,
1b0e0bb323bc44148c232d8762964a9e,10,5,7.4,169.0,882,0.3144342788403999,0.3962276397952434,0.071089944455282,1.0,2.7422628846384,33,882,0.0374149659863945,2,"[0, 0, 1, 1, 0]",0.3144342788403999,0.9709505944546688,2,0.5,1,0,0.7219280948873623,1.0,,4.0,
084ddc404f204aea982541e572de99a1,12,6,14.833333333333334,206.16666666666663,1326,0.0754849494585953,0.0943226165330514,-0.0232778564954501,0.2242221285426238,4.622575252707024,63,1326,0.0475113122171945,2,"[1, 0, 0, 1, 0, 1]",0.0754849494585953,1.0,4,0.8,6,0,0.0,6.0,,,
1b4619a095484ee59157a352b902ee74,12,6,45.0,189.0,1404,0.2142642861637989,0.1592632553120128,0.01669314351776,0.4878750273599486,3.928678569181005,37,1404,0.0263532763532763,2,"[0, 1, 0, 1, 0, 1]",0.2142642861637989,1.0,5,1.0,0,0,0.6500224216483541,,1.0,5.0,
19a3274d034945bb9f39d40f1a089b78,30,15,45.266666666666666,73.13333333333334,1776,0.2278666398072253,0.1831314326186408,0.0669089893417276,0.5830315647159507,10.809867042698842,54,1776,0.0304054054054054,3,"[2, 2, 0, 1, 0, 0, 0, 2, 0, 0, 1, 1, 2, 1, 1]",0.2278666398072253,1.565596230357602,8,0.5714285714285714,9,0,1.370950594454669,9.0,3.0,3.0,
57651657e5c8473495d603a2d1ec118c,12,6,12.166666666666666,181.5,1162,0.7438944585474057,0.1106684627250451,0.6181326658710866,0.9108560317873609,1.2805277072629715,132,1162,0.1135972461273666,2,"[1, 1, 0, 1, 1, 1]",0.7438944585474057,0.6500224216483541,2,0.4,0,6,0.0,,,,6.0
f802ebbbc21e467986fb86065d3482e5,52,26,27.807692307692307,29.26923076923077,1484,0.2296575528676065,0.1939777810045865,0.0202287070130341,1.0000000000000004,19.25856117830984,32,1444,0.0221606648199446,4,"[1, 2, 0, 2, 0, 1, 3, 3, 1, 0, 3, 3, 2, 1, 2, 3, 0, 3, 1, 3, 1, 2, 3, 3, 2, 3]",0.2296575528676065,1.922023142851573,22,0.88,5,0,0.7062740891876007,5.0,,21.0,
58c7a10cde7846fdb4c4098c2e0b3eff,14,7,33.142857142857146,216.7142857142857,1749,0.4685696386708258,0.2619605194113076,0.2491377454910499,1.0000000000000004,3.1885821679750457,85,1749,0.0485991995425957,2,"[0, 0, 0, 0, 0, 1, 1]",0.4685696386708258,0.8631205685666311,1,0.1666666666666666,5,0,1.1488348542809168,5.0,1.0,1.0,
9b878534d71148658da3c267054f2cb8,10,5,29.2,57.8,435,0.2856001544452085,0.1148896146397992,0.1486450528914951,0.4180664244540983,2.857599382219166,12,435,0.0275862068965517,2,"[1, 0, 1, 1, 0]",0.2856001544452085,0.9709505944546688,3,0.75,1,0,0.7219280948873623,1.0,,4.0,
7cbbe21eaf7c4684bf78ba30bfef54de,16,8,62.125,71.125,1066,0.226380363338246,0.2128942740866961,-0.0426432018078204,0.6567271601696587,5.415337456632277,16,1066,0.0150093808630394,2,"[1, 1, 0, 1, 0, 0, 0, 1]",0.226380363338246,1.0,4,0.5714285714285714,0,0,0.5435644431995964,1.0,,,7.0
64a0ebb7c39245c0b5c85c35a97ba4f7,56,28,6.392857142857143,20.392857142857142,750,0.2578770172224963,0.1371176417657863,-0.019724623828925,0.6680865672247975,20.0373205349926,0,750,0.0,4,"[3, 3, 1, 1, 2, 3, 3, 3, 3, 2, 0, 2, 2, 3, 3, 2, 2, 0, 3, 3, 3, 2, 3, 0, 2, 2, 1, 1]",0.2578770172224963,1.7965062604933846,15,0.5555555555555556,0,0,0.0,,,,28.0
53bec2ff0a774918865c2799dd9c0327,12,6,10.833333333333334,240.5,1508,0.5772946921257356,0.2083179821305361,0.2284212651852958,0.7966099271551683,2.1135265393713225,164,1508,0.1087533156498673,2,"[0, 0, 0, 0, 0, 1]",0.5772946921257356,0.6500224216483541,1,0.2,0,6,0.9182958340544894,2.0,,4.0,
34ba647de29b4f44928ee37c202de486,16,8,76.375,114.875,1530,0.0704383444832031,0.0129090219008119,0.0622739621688907,0.090849300268984,6.5069315886175785,42,1526,0.0275229357798165,2,"[0, 1, 0, 1, 0, 1, 0, 1]",0.0704383444832031,1.0,7,1.0,4,0,1.0,4.0,4.0,,
1b15d97a1e7747da80bc68f8cce8ad81,24,12,18.666666666666668,116.41666666666669,1621,0.4643422373857305,0.4099746880967926,-0.0424121549901634,1.0000000000000004,5.892235388756964,63,1617,0.0389610389610389,2,"[0, 0, 0, 0, 0, 0, 1, 1, 1, 1, 0, 1]",0.4643422373857305,0.9798687566511528,3,0.2727272727272727,9,0,0.8112781244591328,,9.0,,3.0
8b65f59fad7a4302878d70cd09f9d175,12,6,52.833333333333336,100.83333333333331,922,0.4724415664017123,0.2674031580733539,0.2612560868100038,1.0000000000000009,2.637792167991438,42,922,0.0455531453362256,2,"[1, 0, 0, 0, 1, 0]",0.4724415664017123,0.9182958340544894,3,0.6,2,0,0.9182958340544894,,2.0,,4.0
3b645e75831c403b87000605042dfe5d,12,6,31.83333333333333,127.66666666666669,957,0.4018030759028477,0.1562559826927314,0.2113823966483022,0.6685537655066979,2.990984620485761,61,957,0.0637408568443051,2,"[0, 1, 0, 1, 1, 1]",0.4018030759028477,0.9182958340544894,3,0.6,2,0,1.459147917027245,1.0,2.0,,3.0
0b99e1974e1546f7a58a5346f1d89648,100,50,14.8,72.58,4369,0.2752310676178032,0.3108391949165334,-0.0230925074375906,1.0,35.51367768672764,204,4367,0.0467139912983741,5,"[4, 2, 2, 2, 2, 2, 3, 3, 3, 4, 1, 4, 4, 4, 0, 3, 4, 4, 0, 3, 0, 2, 2, 4, 3, 3, 4, 1, 1, 1, 1, 3, 3, 3, 3, 4, 4, 3, 4, 1, 1, 1, 4, 4, 4, 3, 3, 2, 1, 4]",0.2752310676178032,2.15211256129571,26,0.5306122448979592,34,4,1.1639904575514164,,34.0,4.0,12.0
32f47b90090c4a849e4ff7d09070ba13,12,6,34.833333333333336,217.8333333333333,1516,0.3540076054834242,0.1843676892319413,0.1868373303781717,0.7002955756867717,3.2299619725828785,71,1516,0.0468337730870712,2,"[1, 0, 0, 1, 0, 1]",0.3540076054834242,1.0,4,0.8,3,0,1.459147917027245,2.0,3.0,,1.0
f0749632f3bb4cf686f8f531464de572,12,6,27.166666666666668,37.66666666666666,389,0.2645377093205823,0.0760798029419484,0.1595176504085305,0.3864806850884501,3.6773114533970888,10,389,0.0257069408740359,2,"[1, 0, 0, 1, 1, 0]",0.2645377093205823,1.0,3,0.6,0,1,1.2516291673878228,1.0,,1.0,4.0
cce5f0268493411c8c1da70be30ea954,16,8,63.625,20.0,669,0.1877741359526629,0.1074425277295105,0.0257234541360395,0.3794214448258931,5.685581048331359,17,669,0.0254110612855007,2,"[1, 1, 0, 1, 0, 0, 1, 0]",0.1877741359526629,1.0,5,0.7142857142857143,0,0,0.5435644431995964,1.0,,,7.0
ac0ed9c484dc46d59b4cf868394ede50,14,7,8.571428571428571,68.57142857142857,540,0.3826740308041101,0.1361429123138118,0.1992114175185023,0.5755138248102817,3.703955815175339,23,540,0.0425925925925925,2,"[0, 1, 0, 1, 1, 1, 1]",0.3826740308041101,0.8631205685666311,3,0.5,2,0,0.8631205685666311,,2.0,,5.0
7110c46c5e6c47d29820abf5918a9f77,12,6,17.666666666666668,121.33333333333331,834,0.3038214108445419,0.1222318102933846,0.0925212480516815,0.4291712005346967,3.48089294577729,41,834,0.0491606714628297,2,"[1, 1, 0, 1, 0, 1]",0.3038214108445419,0.9182958340544894,4,0.8,2,0,0.9182958340544894,4.0,2.0,,
f51becd083734ca590603f21703ab448,12,6,132.83333333333334,239.16666666666663,2232,0.8608952611216532,0.1452641222380466,0.5801669147420061,1.0000000000000009,0.6955236943917339,134,2232,0.0600358422939068,2,"[0, 0, 0, 1, 0, 0]",0.8608952611216532,0.6500224216483541,2,0.4,0,0,0.6500224216483541,1.0,,,5.0
5fcada0c4e8940a4b6c1c1f89b5477ee,14,7,16.714285714285715,103.0,838,0.2794086872338047,0.0963822626174155,0.1210929680242488,0.3982173304255786,4.323547876597172,38,838,0.0453460620525059,2,"[1, 0, 0, 0, 0, 1, 1]",0.2794086872338047,0.9852281360342516,2,0.3333333333333333,5,0,0.8631205685666311,2.0,5.0,,
ba4e07ef5bb34c27876196ed0857f979,12,6,11.666666666666666,165.66666666666666,1064,0.04784786674615,0.0981738690465338,-0.0737418108199139,0.171657174300421,4.76076066626925,31,1064,0.0291353383458646,2,"[0, 1, 0, 1, 0, 1]",0.04784786674615,1.0,5,1.0,6,0,0.0,,6.0,,
d8f53377f5e843b997d0fe2a59be721c,40,20,19.4,56.5,1518,0.5730677434713547,0.1334059142337714,0.4347758041988374,0.9284043057359648,8.11171287404426,17,1518,0.0111989459815546,3,"[0, 0, 2, 0, 1, 0, 0, 0, 0, 0, 0, 0, 1, 0, 1, 0, 0, 2, 0, 0]",0.5730677434713547,1.0540157730728,10,0.5263157894736842,0,0,0.0,20.0,,,
1eae96f9f0e048539cab05c953e4ca62,20,10,136.6,157.0,2936,0.7711672757645514,0.1162759088333709,0.6124224021377274,1.0000000000000009,2.0594945181190387,28,2936,0.0095367847411444,2,"[0, 0, 1, 0, 1, 0, 0, 1, 1, 1]",0.7711672757645514,1.0,5,0.5555555555555556,10,0,0.0,,10.0,,
fb5fe8c541ca4fffbe6afa1601b4c6c8,16,8,40.75,105.5,1170,0.5568268556547358,0.1635858540762958,0.332614875883011,0.8195644259593218,3.1022120104168494,78,1170,0.0666666666666666,2,"[0, 0, 0, 0, 0, 0, 1, 1]",0.5568268556547358,0.8112781244591328,1,0.1428571428571428,8,0,0.0,,8.0,,
4e3acc1699314e919cbafeb1ea2fefc5,50,25,14.32,24.16,962,0.2158814682433433,0.1424331507893845,-0.0135200055758725,0.5751977287291969,18.81884476215976,26,962,0.027027027027027,4,"[2, 0, 2, 2, 0, 2, 0, 2, 3, 0, 2, 3, 1, 2, 1, 2, 3, 0, 3, 0, 0, 0, 2, 1, 2]",0.2158814682433433,1.844889451733241,21,0.875,8,0,1.4396275363413569,13.0,8.0,,4.0
f45e943bae4748719ba00fc6c64562d6,36,18,108.94444444444444,303.77777777777777,7429,0.5707832276073513,0.0966735379260168,0.4440796317982631,0.7771651631777964,7.296685130675026,739,7428,0.099488422186322,3,"[2, 0, 0, 0, 1, 0, 0, 1, 1, 1, 2, 1, 0, 1, 0, 1, 0, 1]",0.5707832276073513,1.3921472236645347,12,0.7058823529411765,0,0,0.964078764808229,7.0,,,11.0
505c11050de1483d80e64ca9d5d63096,10,5,171.4,139.4,1554,0.4637073933798632,0.1839121181830585,0.2415669192421171,0.7034556572964676,2.145170426480547,129,1554,0.083011583011583,2,"[1, 0, 0, 1, 1]",0.4637073933798632,0.9709505944546688,2,0.5,2,0,1.5219280948873626,2.0,2.0,,1.0
0e46e02132bb401c80a584de3ac260ae,10,5,48.8,36.8,428,0.4843474248590208,0.3210569553621307,0.1382126846824117,0.8702449181040344,2.0626103005639163,31,425,0.0729411764705882,2,"[0, 0, 0, 1, 1]",0.4843474248590208,0.9709505944546688,1,0.25,3,0,1.370950594454669,1.0,3.0,,1.0
609a97a0284f4e9bb195d666801d444b,12,6,156.5,321.8333333333333,2870,0.5609668191136143,0.3775853484575153,0.0887838569983124,0.9999106331181228,2.1951659044319283,169,2869,0.0589055420006971,2,"[1, 1, 0, 1, 1, 1]",0.5609668191136143,0.6500224216483541,2,0.4,1,2,1.459147917027245,3.0,1.0,2.0,
78c60877274b4fa0986b4f676a41bd76,12,6,14.166666666666666,222.66666666666663,1421,0.1828189800268671,0.0863090248119793,0.0581588675357895,0.28103651915535,4.0859050998656645,43,1421,0.0302603800140745,2,"[0, 1, 0, 1, 0, 1]",0.1828189800268671,1.0,5,1.0,6,0,0.0,,6.0,,
7e9ba88e6afa49ab96912400cd0f1005,26,13,39.30769230769231,335.46153846153845,4872,0.6636133697507085,0.37648441942257,0.0554807311117769,1.0000000000000004,4.036639562991498,84,4871,0.0172449189078218,3,"[2, 2, 0, 0, 0, 0, 1, 0, 1, 1, 1, 1, 1]",0.6636133697507085,1.4604846813131114,4,0.3333333333333333,2,5,1.4604846813131114,6.0,2.0,5.0,
47e433b972604857a8d95b1f05a7eb45,16,8,20.0,73.0,744,0.2393233935923842,0.1307514348934636,0.125127957953454,0.4583154798506561,5.324736244853311,16,744,0.021505376344086,2,"[0, 0, 0, 1, 1, 0, 1, 1]",0.2393233935923842,1.0,3,0.4285714285714285,6,0,0.8112781244591328,2.0,6.0,,
6d461135025e4fd19d4f6f46b32df178,20,10,79.6,71.8,1514,0.7480182109824933,0.3456296067587422,0.105750648731786,0.9992934860550418,2.2678361011575583,87,1514,0.0574636723910171,2,"[0, 1, 1, 0, 0, 0, 0, 0, 0, 0]",0.7480182109824933,0.7219280948873623,2,0.2222222222222222,0,0,0.7219280948873623,2.0,,,8.0
6170030d0cf44f9dbe0ec62b64037fa5,28,14,129.64285714285714,162.42857142857142,4089,0.598670302684867,0.2491208705257603,0.1149290907671343,0.8547142884309926,5.217286065096729,227,4089,0.0555147957935925,3,"[2, 0, 0, 2, 2, 0, 0, 0, 0, 2, 2, 0, 1, 1]",0.598670302684867,1.4315602842833153,6,0.4615384615384615,3,0,1.0949143184120975,1.0,3.0,,10.0
79ee5e0f6c404537ae533a6d47f22eff,16,8,166.375,265.625,3456,0.8707709058348586,0.1966870616488264,0.3964316174949061,0.9808042200121516,0.90460365915599,428,3456,0.1238425925925925,2,"[0, 0, 0, 0, 0, 0, 0, 1]",0.8707709058348586,0.5435644431995964,1,0.1428571428571428,0,8,0.0,,,8.0,
7646b6bea34e4e0b95045b8635fc2235,10,5,14.0,188.8,1014,0.1954517255561186,0.0795770214913026,0.1185599376220854,0.3231191801583287,3.2181930977755258,73,1014,0.0719921104536489,2,"[1, 0, 1, 0, 1]",0.1954517255561186,0.9709505944546688,4,1.0,3,0,0.9709505944546688,2.0,3.0,,
ccef866b2e5d4521996d95e01fd32533,14,7,35.42857142857143,143.14285714285714,1250,0.3516131093048466,0.2242404388944337,0.0932668140456038,0.7784131877880047,3.89032134417092,64,1249,0.0512409927942353,2,"[0, 0, 0, 1, 0, 1, 0]",0.3516131093048466,0.8631205685666311,4,0.6666666666666666,2,0,0.8631205685666311,5.0,2.0,,
c5014461cfba4e9fb08f336f19c787d2,10,5,23.2,2.0,126,0.4549776113645899,0.0480063416794317,0.3878388078569619,0.521822537547306,2.1800895545416403,5,126,0.0396825396825396,2,"[1, 0, 1, 1, 0]",0.4549776113645899,0.9709505944546688,3,0.75,4,0,0.7219280948873623,1.0,,4.0,
94b4a282cc294c0e8db94abd89c1f2ae,14,7,25.571428571428573,47.0,508,0.94962319496729,0.0710418027186196,0.7914108746207449,0.9910211725217184,0.30226083019626,32,508,0.0629921259842519,2,"[1, 0, 0, 0, 0, 0, 0]",0.94962319496729,0.5916727785823274,1,0.1666666666666666,7,0,0.0,,,7.0,
9c53a19ab7d84b6486c3d7e5e60f263e,30,15,25.866666666666667,252.7333333333333,4179,0.2556466666495255,0.2222207156342851,-0.0007868200065319,0.8701209673461274,10.420946666906644,97,4178,0.0232168501675442,3,"[1, 1, 0, 2, 1, 0, 1, 0, 1, 2, 1, 1, 2, 2, 1]",0.2556466666495255,1.456564762130954,11,0.7857142857142857,4,7,1.53012496531497,4.0,7.0,4.0,
76a1401c6b754fb581697c2aec550377,26,13,19.384615384615383,391.46153846153845,5341,0.6203920820459695,0.2505250925038831,0.196659666794256,0.8926482183037073,4.555295015448365,945,5341,0.1769331585845347,3,"[2, 1, 1, 1, 0, 1, 1, 1, 1, 1, 1, 1, 1]",0.6203920820459695,0.7732283485249177,3,0.25,0,2,0.8904916402194913,4.0,,,9.0
767ef3d73faf49d0bdf1ea5d73200a43,14,7,14.0,215.8571428571429,1609,0.4661723775764143,0.127413695163374,0.2836807264038169,0.6437993837593974,3.2029657345415146,134,1609,0.0832815413300186,2,"[0, 0, 0, 1, 1, 1, 1]",0.4661723775764143,0.9852281360342516,1,0.1666666666666666,0,4,1.556656707462823,2.0,3.0,,2.0
c3ca8b47cca64dbc94fbdec9a74039c4,12,6,26.166666666666668,67.33333333333333,561,0.3407669072799804,0.1561251043660658,0.2019710128879557,0.6016020221575433,3.296165463600098,32,561,0.0570409982174688,2,"[1, 0, 0, 1, 1, 1]",0.3407669072799804,0.9182958340544894,2,0.4,0,5,1.2516291673878228,1.0,4.0,,1.0
b569fe5610bb4058a1f2265077c1d501,18,9,52.888888888888886,351.55555555555554,3640,0.8095795559075294,0.2729619460698333,0.1379727063990659,0.9926806204232594,1.5233635527397655,391,3640,0.1074175824175824,2,"[0, 1, 0, 0, 0, 0, 0, 0, 0]",0.8095795559075294,0.5032583347756457,2,0.25,0,9,0.0,,9.0,,
df21cbd9fb384724be41cfa9aeb0513b,22,11,73.27272727272727,9419.181818181818,104417,0.2165590570396847,0.2103428602726592,0.0038900782637214,0.7684546511033588,7.834409429603152,2213,104417,0.0211938668990681,2,"[1, 1, 0, 1, 0, 0, 1, 0, 1, 0, 1]",0.2165590570396847,0.9940302114769566,8,0.8,2,4,1.8230679822736608,4.0,4.0,2.0,1.0
5572f4a2cf2c4e2eb62bd8cac8176ff9,12,6,40.833333333333336,173.83333333333334,1288,0.5958609947518053,0.2835462834811317,0.2265067268566053,0.9528707487253948,2.0206950262409733,84,1288,0.0652173913043478,2,"[0, 0, 0, 0, 1, 0]",0.5958609947518053,0.6500224216483541,2,0.4,0,3,1.0,3.0,3.0,,
0b0b00931d1644019b8ee01b9e101359,20,10,38.2,49.5,877,0.4601492300600829,0.1032928379522446,0.3527491926912412,0.6866875816107867,4.858656929459254,41,877,0.0467502850627137,2,"[0, 0, 1, 0, 1, 0, 0, 1, 0, 1]",0.4601492300600829,0.9709505944546688,7,0.7777777777777778,6,0,0.9709505944546688,4.0,,,6.0
f0bbda1faca54c0cb4bccb7d1bbf1a0a,18,9,21.55555555555556,325.3333333333333,3122,0.4448121328538242,0.0825323568710768,0.2858482158607737,0.5966552071894349,4.441502937169406,144,3122,0.0461242793081358,2,"[1, 1, 0, 0, 1, 0, 1, 1, 1]",0.4448121328538242,0.9182958340544894,4,0.5,7,0,0.7642045065086203,2.0,,,7.0
7bb7111991d74867a54985c9dff00cea,16,8,13.75,84.75,788,0.248537954652754,0.1295510404267988,0.0847608515908619,0.4860904841881457,5.260234317430722,20,788,0.0253807106598984,2,"[0, 0, 0, 1, 1, 0, 1, 1]",0.248537954652754,1.0,3,0.4285714285714285,6,0,0.8112781244591328,2.0,,,6.0
2532df9c674a4ec69f8bab0ed65230aa,14,7,164.14285714285714,47.0,1478,0.6547322672827697,0.4855191477771904,-0.0318934702397512,0.999877137033329,2.0716063963033826,88,1478,0.0595399188092016,2,"[0, 0, 0, 0, 0, 1, 0]",0.6547322672827697,0.5916727785823274,2,0.3333333333333333,4,3,0.9852281360342516,,3.0,,4.0
c40a1a30832542419af87f45e040586f,10,5,18.0,92.8,554,0.5381848246509692,0.2320719478531971,0.3288672410153263,0.9314580933338492,1.8472607013961235,34,554,0.0613718411552346,2,"[0, 0, 0, 0, 1]",0.5381848246509692,0.7219280948873623,1,0.25,0,5,0.0,,,5.0,
3786fb66e4c04c8d90c80db56a841234,12,6,12.833333333333334,370.6666666666667,2301,0.6422550349622996,0.0864109638305889,0.5105573092872604,0.7563560796094009,1.788724825188502,142,2301,0.0617122990004345,2,"[0, 0, 0, 0, 0, 1]",0.6422550349622996,0.6500224216483541,1,0.2,0,6,0.0,,,6.0,
795e3909ce624f7392261a157377a2a4,32,16,38.875,48.1875,1393,0.2210965091847164,0.1526482663826306,-0.0182800877637896,0.5441770006185489,11.683552362229255,89,1393,0.0638908829863603,3,"[0, 0, 2, 2, 2, 0, 0, 0, 0, 0, 1, 1, 1, 1, 0, 1]",0.2210965091847164,1.4772170014624826,5,0.3333333333333333,5,0,1.198192411043098,10.0,1.0,,5.0
7d911fd64b874163a4817a001c2f640f,12,6,14.833333333333334,132.16666666666666,882,0.6236229460120348,0.4207577529856231,0.1085203844160314,0.9883971795314748,1.881885269939826,68,882,0.0770975056689342,2,"[0, 0, 0, 1, 0, 0]",0.6236229460120348,0.6500224216483541,2,0.4,5,0,0.6500224216483541,1.0,,,5.0
95e1614a832946338d096aa4290454ae,10,5,10.4,53.8,321,0.649368870624382,0.1158688034980783,0.5392430594485147,0.8442385390238802,1.402524517502472,25,321,0.0778816199376947,2,"[0, 0, 0, 1, 1]",0.649368870624382,0.9709505944546688,1,0.25,1,3,1.9219280948873625,1.0,1.0,2.0,1.0
9841dbe15c5247888ed0b951d8f1dbb8,10,5,9.4,38.0,237,0.2920696917869648,0.173742075296319,0.1198521631926517,0.5675471122787774,2.831721232852141,8,237,0.0337552742616033,2,"[1, 0, 0, 1, 1]",0.2920696917869648,0.9709505944546688,2,0.5,1,0,0.7219280948873623,4.0,,,1.0
064549c137d244179ab978be186da86d,36,18,12.333333333333334,30.5,771,0.2328565559438063,0.1727596484145042,0.0187300185401636,0.5852238411620686,13.041438548955291,20,765,0.0261437908496732,3,"[2, 2, 1, 1, 1, 2, 0, 2, 2, 1, 0, 1, 2, 2, 1, 1, 2, 1]",0.2328565559438063,1.3921472236645347,11,0.6470588235294118,4,0,0.7642045065086203,14.0,,,4.0
cffb14baddf14fb1bda00fb06cdb341d,12,6,82.83333333333333,99.83333333333331,1096,0.1272836005909126,0.1861884740863039,-0.0091983040039218,0.4959709508721402,4.363581997045436,33,1095,0.0301369863013698,2,"[0, 1, 0, 0, 1, 1]",0.1272836005909126,1.0,3,0.6,4,0,1.2516291673878228,1.0,1.0,,4.0
c50c3a1b06294d61acf59faeb7bac9de,20,10,19.4,175.6,1950,0.3276221797028381,0.2241266825219243,0.013236518236065,0.7439698829049651,6.051400382674456,77,1949,0.0395074397126731,2,"[1, 0, 0, 0, 1, 1, 1, 1, 1, 1]",0.3276221797028381,0.8812908992306927,2,0.2222222222222222,8,0,0.7219280948873623,2.0,8.0,,
f0a379025c974be0a74225c1035c7330,18,9,24.88888888888889,150.66666666666666,1580,0.9178657033769732,0.0871002615835269,0.6945939892303388,0.9851554451010676,0.6570743729842146,100,1580,0.0632911392405063,2,"[0, 0, 0, 0, 0, 0, 0, 0, 1]",0.9178657033769732,0.5032583347756457,1,0.125,0,0,0.0,9.0,,,
68e6b51ebaf6442ab16c512330a7b5e3,10,5,334.0,104.0,2190,0.5287926493121748,0.1546305340328087,0.2666091695092012,0.6475427881319877,1.8848294027513008,143,2190,0.065296803652968,2,"[0, 0, 0, 0, 1]",0.5287926493121748,0.7219280948873623,1,0.25,0,0,0.7219280948873623,1.0,,4.0,
7eb63b40794f4d4ca6fe6b27565e219a,12,6,13.333333333333334,221.0,1406,0.4540048667823182,0.1025717207856011,0.3141407421122305,0.5821145137105683,2.729975666088409,78,1406,0.0554765291607396,2,"[0, 1, 0, 1, 1, 1]",0.4540048667823182,0.9182958340544894,3,0.6,4,0,0.9182958340544894,2.0,4.0,,
bc91492315c24a44b70a202b66032c00,12,6,43.16666666666666,18.33333333333333,369,0.8393423237638714,0.2754620497158622,0.2885840965273201,0.986193012611538,0.8032883811806427,22,369,0.059620596205962,2,"[0, 0, 0, 0, 0, 1]",0.8393423237638714,0.6500224216483541,1,0.2,0,5,1.2516291673878228,1.0,,1.0,4.0
f098daf5eee146fd8ebe64a062ec2a5c,12,6,92.0,40.66666666666666,796,0.185547198636068,0.1665972203697938,0.0361739658124062,0.5098959255231481,4.07226400681966,24,796,0.0301507537688442,2,"[1, 0, 0, 1, 0, 1]",0.185547198636068,1.0,4,0.8,3,0,1.0,3.0,3.0,,
31c92b49aa214943b729ac113dfca398,12,6,30.33333333333333,277.6666666666667,1848,0.5489029756066031,0.1838236046724091,0.2052558734871968,0.7126837779601427,2.2554851219669847,202,1848,0.1093073593073593,2,"[0, 0, 0, 0, 0, 1]",0.5489029756066031,0.6500224216483541,1,0.2,3,0,1.0,3.0,3.0,,
8d144fc4b3e84802a7535ffb006f0562,10,5,11.0,66.0,385,0.3253392853037418,0.3563207725781422,0.0464988181917864,0.937173245339774,2.698642858785033,15,380,0.0394736842105263,2,"[1, 0, 1, 1, 0]",0.3253392853037418,0.9709505944546688,3,0.75,5,0,0.0,,5.0,,
61f4a2fb24134b98b7c909f10696ef34,10,5,21.6,103.0,623,0.4862723107440986,0.3257283910667505,-0.0346714440974302,0.7824029404448606,2.0549107570236056,21,623,0.0337078651685393,2,"[1, 0, 0, 0, 1]",0.4862723107440986,0.9709505944546688,2,0.5,0,3,0.9709505944546688,2.0,,,3.0
859f1cc082e746b0ab4faa079dfd965b,152,76,42.03947368421053,32.14473684210526,5638,0.5747815671129981,0.2918834845219199,0.0027307314115599,1.0000000000000009,31.89138246652514,490,5638,0.0869102518623625,6,"[2, 2, 5, 0, 0, 2, 2, 2, 5, 2, 5, 5, 2, 2, 2, 3, 3, 4, 3, 3, 3, 3, 4, 3, 2, 2, 3, 0, 0, 0, 0, 3, 0, 2, 5, 3, 5, 3, 1, 3, 3, 1, 1, 3, 2, 1, 0, 2, 2, 2, 2, 4, 1, 1, 4, 3, 1, 1, 1, 1, 1, 3, 2, 3, 3, 0, 0, 0, 1, 0, 0, 4, 4, 4, 4, 3]",0.5747815671129981,2.479449695940892,43,0.5733333333333334,2,1,1.236518637388396,36.0,2.0,37.0,1.0
bc7517efc0cc432c9650506e088a2764,24,12,50.0,188.25,2859,0.2935131756133548,0.138422001761386,0.0359404129954667,0.4906239344338623,7.771355068253097,169,2859,0.0591115774746414,2,"[1, 1, 1, 1, 0, 0, 1, 0, 0, 0, 1, 1]",0.2935131756133548,0.9798687566511528,4,0.3636363636363636,4,0,1.459147917027245,6.0,4.0,2.0,
df02cd7fe2174e63b85f0777bd83f894,34,17,23.823529411764707,310.52941176470586,5684,0.3222507961172543,0.1721584046054297,0.0807013222257198,0.6831350043134866,10.843987262123932,795,5684,0.1398662913441238,3,"[2, 2, 0, 0, 0, 2, 0, 0, 0, 0, 0, 0, 1, 1, 0, 2, 0]",0.3222507961172543,1.260771793896794,7,0.4375,1,11,1.6589797521242051,4.0,1.0,9.0,3.0
c35fc5571320494bbd20efa7043c5c12,10,5,13.0,254.2,1336,0.3795700964578702,0.0454800074679576,0.3482426476147926,0.4581540629009585,2.481719614168519,74,1336,0.0553892215568862,2,"[0, 0, 1, 1, 1]",0.3795700964578702,0.9709505944546688,1,0.25,0,4,0.7219280948873623,1.0,,,4.0
060d3b34b1c940c08daf2db2f10a6a76,10,5,68.8,164.4,1166,0.1529611305430304,0.1482933634099374,0.0310134377127163,0.4067113823773399,3.388155477827878,43,1166,0.0368782161234991,2,"[0, 0, 1, 0, 1]",0.1529611305430304,0.9709505944546688,3,0.75,3,2,1.370950594454669,,3.0,1.0,1.0
b57df998a26a45d58653bf0d7562cc10,12,6,77.33333333333333,263.0,2042,0.6382680769809458,0.4361549684582463,0.1000124859683843,0.997126974081336,1.808659615095271,236,2042,0.1155729676787463,2,"[0, 1, 0, 0, 0, 0]",0.6382680769809458,0.6500224216483541,2,0.4,0,2,1.2516291673878228,4.0,,1.0,1.0
1bba671360b240dba8d3d4e0bc9f1b83,10,5,16.8,177.6,972,0.3957813343816788,0.1719250864378028,0.2491787113690699,0.6884313948675203,2.4168746624732846,41,970,0.0422680412371134,2,"[0, 0, 0, 1, 1]",0.3957813343816788,0.9709505944546688,1,0.25,2,0,0.9709505944546688,3.0,2.0,,
de2acd04f48f47f481523ed0f744cfbb,46,23,51.43478260869565,119.56521739130434,3933,0.1760245287826594,0.2340690130869405,-0.1047244683503834,0.8347509319904387,18.12746036678149,71,3927,0.0180799592564298,3,"[1, 1, 2, 1, 1, 1, 1, 1, 0, 1, 1, 2, 1, 2, 1, 2, 0, 0, 0, 0, 0, 0, 1]",0.1760245287826594,1.4509082837501823,11,0.5,13,2,1.6335513337772531,5.0,13.0,3.0,2.0
ebf90d8e4eaa4c798a814b11b6d614c6,22,11,28.181818181818183,46.81818181818182,825,0.5139011967440196,0.2419321767054918,0.2220956902363475,0.9475940198189654,4.8609880325598045,40,825,0.0484848484848484,2,"[0, 0, 0, 0, 0, 0, 0, 0, 1, 1, 1]",0.5139011967440196,0.8453509366224364,1,0.1,1,4,1.2406705316766884,7.0,1.0,,3.0
b4286b273aa048b4bf1f3643d71e5e1c,12,6,101.33333333333331,141.0,1454,0.7342619441262062,0.2176599133144579,0.3197243006631926,0.897704707284762,1.3286902793689692,88,1454,0.0605226960110041,2,"[0, 0, 0, 0, 0, 1]",0.7342619441262062,0.6500224216483541,1,0.2,2,0,1.459147917027245,1.0,2.0,3.0,
8c8779c6bf834edc823d2b2066791bb0,10,5,27.2,284.0,1556,0.7745252320559046,0.3905337539039763,0.0981009282236172,1.0000000000000004,0.9018990717763814,104,1556,0.0668380462724935,2,"[1, 0, 0, 0, 0]",0.7745252320559046,0.7219280948873623,1,0.25,0,0,0.0,5.0,,,
36f0659a4cf34559b790fcc6ee414e66,34,17,40.76470588235294,35.47058823529412,1296,0.2345275071617565,0.1917465997175296,0.0555308984208864,0.9295388596584118,12.247559885411896,22,1296,0.0169753086419753,3,"[1, 2, 2, 2, 0, 2, 0, 2, 2, 1, 1, 2, 1, 1, 1, 1, 1]",0.2345275071617565,1.4020814027560318,8,0.5,6,0,0.9366673818775624,11.0,6.0,,
4407931b2fe04874bb084019f92ce2c6,16,8,18.25,124.5,1142,0.5032945065487128,0.250548427647894,0.081070767721955,0.8776120867242113,3.47693845415901,43,1142,0.0376532399299474,2,"[0, 0, 0, 0, 0, 1, 1, 1]",0.5032945065487128,0.954434002924965,1,0.1428571428571428,4,5,1.0,,4.0,,4.0
24d8d390fc494e9fa74f58f49cf889e6,26,13,17.076923076923077,18.692307692307693,465,0.250259509482146,0.3191481764763049,0.0054195624400861,0.9902131862640215,8.996885886214248,11,463,0.0237580993520518,3,"[2, 1, 2, 0, 0, 1, 1, 1, 1, 2, 1, 0, 0]",0.250259509482146,1.5262349099495225,7,0.5833333333333334,10,0,0.7793498372920851,3.0,10.0,,
4d9d894cf3b646508122fce9f90f41b9,30,15,87.26666666666667,127.13333333333334,3216,0.5942507129596749,0.23288512716162,0.2942271727795983,0.9493342801582816,5.68049001856455,120,3216,0.0373134328358208,3,"[2, 2, 2, 2, 0, 0, 0, 1, 2, 1, 1, 1, 1, 1, 1]",0.5942507129596749,1.5058231002082845,4,0.2857142857142857,2,0,1.429473298359841,7.0,6.0,,2.0
cf5ea6852bf14060b59b2fc61d8f745a,10,5,19.2,266.2,1427,0.2991872452093738,0.265416855310203,-0.043996085883677,0.5619617487492168,2.803251019162505,72,1427,0.0504555010511562,2,"[1, 0, 0, 0, 1]",0.2991872452093738,0.9709505944546688,2,0.5,1,0,0.7219280948873623,4.0,,,1.0
441bcca2b1ca480da68fa7eabf132818,24,12,13.583333333333334,166.66666666666666,2163,0.1628042920640834,0.1423990147230094,-0.0491023957281862,0.5573910132068295,9.209152787295082,65,2163,0.0300508552935737,2,"[1, 0, 0, 1, 0, 0, 1, 0, 1, 1, 0, 1]",0.1628042920640834,1.0,8,0.7272727272727273,4,0,0.9182958340544894,8.0,,,4.0
8e3b755acffc4af0bdbaee00531af721,16,8,14.125,19.875,272,0.1820742286949687,0.0664550152409021,0.1111886393061303,0.2970236626097909,5.725480399135219,5,272,0.0183823529411764,2,"[0, 1, 0, 0, 1, 1, 0, 1]",0.1820742286949687,1.0,5,0.7142857142857143,3,0,0.954434002924965,5.0,,,3.0
77e5436fbbc546b68b47be092d8eb0b5,32,16,12.0625,69.5,1305,0.1844375882313563,0.1618997185481857,-0.0051484998857446,0.6532017836441917,12.233436176529654,65,1305,0.0498084291187739,3,"[1, 1, 2, 2, 1, 0, 2, 0, 1, 0, 2, 0, 1, 1, 1, 1]",0.1844375882313563,1.5,10,0.6666666666666666,4,1,1.1216407621868585,11.0,,1.0,4.0
4ea6cbc9526148d794f6c83db72de5b6,76,38,306.5,103.63157894736842,15585,0.8026107365882479,0.2757633763238779,0.1964697455279838,1.0000000000000009,7.303402746234825,215,15569,0.0138094932237137,4,"[1, 1, 2, 2, 2, 1, 1, 1, 1, 1, 1, 1, 3, 0, 0, 0, 0, 0, 0, 1, 1, 1, 1, 1, 1, 1, 1, 3, 1, 3, 3, 3, 3, 3, 3, 3, 1, 3]",0.8026107365882479,1.716491560528003,10,0.2702702702702703,20,0,1.4674579648482995,8.0,10.0,,20.0
cb0cb48680e94882845c7d4d28757e6b,18,9,79.11111111111111,85.55555555555556,1482,0.371211391210438,0.2433224971464963,0.1045321622274913,0.7429441330328973,5.030308870316496,59,1482,0.0398110661268556,2,"[0, 0, 1, 0, 0, 0, 1, 1, 1]",0.371211391210438,0.9910760598382222,3,0.375,7,0,0.7642045065086203,,7.0,2.0,
d18cc3a665334c4591e275d5770fa7bd,16,8,27.875,68.125,768,0.2554284166364028,0.0950327190088179,0.102712255940271,0.436255104400818,5.21200108354518,21,766,0.0274151436031331,2,"[1, 0, 0, 0, 1, 0, 1, 1]",0.2554284166364028,1.0,4,0.5714285714285714,0,0,0.5435644431995964,,,7.0,1.0
11f74dae4e974491a8dc74dec0ef9007,18,9,11.333333333333334,179.22222222222223,1715,0.3115691290834792,0.2813907792444645,0.0309742959951142,0.7726273384377063,5.507446967332166,67,1709,0.0392042129900526,2,"[1, 1, 0, 0, 0, 1, 1, 1, 1]",0.3115691290834792,0.9182958340544894,2,0.25,7,1,0.9864267287308426,1.0,7.0,1.0,
e072300bff894323abead52b7d3831b5,12,6,60.5,236.3333333333333,1781,0.8276627452323527,0.3446745095352952,0.1383137261617621,1.0000000000000004,0.861686273838236,134,1781,0.0752386299831555,2,"[1, 0, 0, 0, 0, 0]",0.8276627452323527,0.6500224216483541,1,0.2,0,0,0.6500224216483541,,,1.0,5.0
b04561d6510b4c6eb30b5cf986e3b10d,10,5,24.2,173.8,990,0.3697791369602434,0.2289971941872101,0.0082846584366995,0.6302580542933442,2.520883452159026,35,990,0.0353535353535353,2,"[1, 0, 0, 1, 0]",0.3697791369602434,0.9709505944546688,3,0.75,3,0,0.9709505944546688,,3.0,2.0,
c1a0b5fa63444b0699bc2e3d7d2fcf01,10,5,30.4,283.8,1571,0.1665339613613432,0.08210334402985,0.1047020227532229,0.3073829180541051,3.333864154554627,54,1571,0.034373010821133,2,"[1, 0, 1, 1, 0]",0.1665339613613432,0.9709505944546688,3,0.75,1,1,1.370950594454669,1.0,1.0,3.0,
7ee98d066d5348989b1f92b4cb994740,12,6,60.16666666666666,259.8333333333333,1920,0.5418003844638085,0.1078405556902826,0.4041233083386401,0.6651506596349461,2.2909980776809573,242,1920,0.1260416666666666,2,"[0, 0, 0, 0, 0, 1]",0.5418003844638085,0.6500224216483541,1,0.2,0,1,1.2516291673878228,1.0,,4.0,1.0
f9bbc0d3d7f9490585952d368de9a3ea,18,9,11.333333333333334,36.22222222222222,428,0.3448965587283762,0.1632511510884194,0.0262341547913698,0.5799793034426934,5.240827530172991,14,428,0.0327102803738317,2,"[0, 0, 1, 0, 1, 0, 0, 1, 1]",0.3448965587283762,0.9910760598382222,5,0.625,5,1,1.3516441151533922,1.0,5.0,3.0,
fb0e78b2e26e437583e8e369588c7f73,10,5,39.0,175.0,1070,0.6367977474132912,0.2190541319463783,0.324783496086666,0.919288104551308,1.4528090103468352,81,1070,0.0757009345794392,2,"[0, 0, 0, 0, 1]",0.6367977474132912,0.7219280948873623,1,0.25,1,3,1.5219280948873626,2.0,1.0,,2.0
5f464aa54373472997cf4a09a1cf47f7,12,6,10.833333333333334,244.0,1529,0.7856138352306937,0.2703474179028167,0.2538272487568397,0.984409775548898,1.071930823846532,68,1529,0.0444735120994113,2,"[0, 0, 0, 1, 1, 1]",0.7856138352306937,1.0,1,0.2,0,6,0.0,6.0,,,
7688ab4b97544a9a841876b9a309dab5,10,5,75.6,228.0,1518,0.3848319271132565,0.0731369922837041,0.2892252188403774,0.4933562630068169,2.460672291546974,89,1518,0.0586297760210803,2,"[1, 0, 0, 1, 1]",0.3848319271132565,0.9709505944546688,2,0.5,1,0,1.370950594454669,,1.0,3.0,1.0
0478486c80b948559c9dd10750460e66,46,23,60.17391304347826,86.78260869565217,3380,0.5713717770817217,0.1621330808620209,0.2797927481341178,1.0000000000000004,9.429820904202122,236,3380,0.0698224852071005,3,"[0, 2, 0, 2, 0, 2, 0, 1, 0, 2, 0, 2, 0, 2, 0, 2, 0, 1, 0, 2, 0, 0, 2]",0.5713717770817217,1.325784781203331,21,0.9545454545454546,0,0,0.5586293734521992,,,20.0,3.0
62898ad3b2e64503bceaa5a6b53abdc6,18,9,20.88888888888889,89.0,989,0.4591928255983933,0.2814773871903019,0.0585973780384092,0.8217986080882829,4.326457395212853,37,989,0.0374115267947421,2,"[0, 0, 0, 0, 0, 0, 1, 1, 1]",0.4591928255983933,0.9182958340544894,1,0.125,6,1,0.9182958340544894,6.0,3.0,,
b1871499beef4af1b5ae0a7c893bc760,100,50,11.4,31.08,2124,0.4046402731970556,0.2270161699591888,-0.054026085679249,0.9704397740647276,29.17262661334428,102,2124,0.0480225988700565,5,"[3, 2, 2, 2, 2, 2, 2, 0, 3, 2, 2, 4, 4, 1, 1, 1, 4, 3, 0, 2, 3, 1, 3, 0, 2, 0, 3, 0, 2, 3, 4, 3, 1, 4, 4, 3, 1, 2, 3, 3, 1, 4, 1, 1, 1, 4, 3, 1, 4, 4]",0.4046402731970556,2.265420804862156,35,0.7142857142857143,12,0,1.0211191885631823,12.0,36.0,,2.0
95e67451fa114c0092932c31186bf455,12,6,17.666666666666668,449.1666666666667,2801,0.7169226495740513,0.0783867333078309,0.6037273595568935,0.8065244703752601,1.4153867521297436,279,2801,0.0996072831131738,2,"[1, 1, 0, 1, 1, 1]",0.7169226495740513,0.6500224216483541,2,0.4,0,1,0.6500224216483541,,5.0,1.0,
e6d74193ccf046eba21565a1c7e28743,10,5,39.2,289.0,1641,0.1994028630076232,0.1631251827901031,0.0769894617023166,0.479484747595619,3.202388547969507,228,1641,0.1389396709323583,2,"[1, 0, 1, 1, 0]",0.1994028630076232,0.9709505944546688,3,0.75,0,3,1.5219280948873626,,2.0,1.0,2.0
f205f43e379f4df8b0c28892623f77af,10,5,38.2,182.6,1104,0.5727415684622962,0.2127548173369406,0.2344649740547671,0.8156276575573593,1.7090337261508153,69,1100,0.0627272727272727,2,"[0, 0, 0, 0, 1]",0.5727415684622962,0.7219280948873623,1,0.25,2,0,1.5219280948873626,2.0,1.0,,2.0
bb5f0b0cc4a748fd9884145b27647c3d,14,7,317.1428571428572,370.1428571428572,4811,0.8215646087677717,0.2564312083064353,0.2610694278068749,0.9859963124673352,1.0706123473933695,377,4811,0.0783620868842236,2,"[0, 1, 0, 0, 0, 0, 0]",0.8215646087677717,0.5916727785823274,2,0.3333333333333333,0,1,0.0,,,,7.0
b0485be817b9435c87b2a1dcd56342a0,10,5,13.0,30.2,216,0.2718267966779235,0.0417579262409885,0.2034947824245698,0.3144183338941201,2.912692813288306,9,216,0.0416666666666666,2,"[0, 0, 1, 0, 1]",0.2718267966779235,0.9709505944546688,3,0.75,1,0,0.7219280948873623,1.0,4.0,,
887e371a86f749f8957a6c8c6f9a50e9,82,41,26.853658536585368,13.341463414634148,1648,0.2024440187527204,0.1198262096938911,0.0458833690460507,0.6042135601344796,31.902239249891185,26,1646,0.0157958687727825,5,"[4, 0, 2, 4, 3, 0, 4, 2, 2, 0, 0, 0, 4, 1, 1, 0, 1, 0, 4, 4, 4, 2, 3, 0, 3, 0, 4, 1, 3, 4, 3, 4, 2, 2, 2, 1, 4, 4, 1, 4, 3]",0.2024440187527204,2.2525257653041297,31,0.775,37,0,0.5403651258269956,37.0,3.0,,1.0
ded63aecca0d434a8f7e0c4ccf711fe5,12,6,34.833333333333336,207.3333333333333,1453,0.6429766499885968,0.2003086189745004,0.4161420213366165,1.0,1.7851167500570166,77,1453,0.0529938059187887,2,"[0, 0, 0, 1, 1, 1]",0.6429766499885968,1.0,1,0.2,6,0,0.0,6.0,,,
208570f7e74648108f17a9e13278c3bf,26,13,102.53846153846152,19.692307692307693,1589,0.8284837546648715,0.2665506572433297,0.0907565129241655,1.0000000000000004,2.058194944021541,51,1589,0.0320956576463184,3,"[2, 0, 0, 0, 0, 0, 0, 0, 0, 0, 1, 1, 1]",0.8284837546648715,1.1401156785146092,2,0.1666666666666666,0,1,0.3912435636292556,,12.0,1.0,
c342f388bc754a819e9ddddffb3a99d3,34,17,14.882352941176473,12.588235294117649,467,0.2942581377415545,0.2311732301275918,0.0298444684386768,0.8435588335767787,11.291869796135128,37,467,0.0792291220556745,3,"[2, 0, 2, 2, 2, 1, 0, 0, 0, 0, 0, 1, 1, 0, 0, 1, 1]",0.2942581377415545,1.5221898721658214,7,0.4375,12,0,1.159554752378731,12.0,3.0,,2.0
d634ba545bf54dee9cc7e9829efdd17c,30,15,29.33333333333333,188.3333333333333,3265,0.5663989411729701,0.2347258686792916,0.2536125584028488,0.9905659512046132,6.070414823578418,130,3265,0.0398162327718223,3,"[0, 2, 2, 2, 0, 0, 0, 0, 0, 2, 2, 1, 1, 1, 1]",0.5663989411729701,1.565596230357602,4,0.2857142857142857,0,6,1.3995812306460644,,8.0,5.0,2.0
adc5693c762a4387b4d84d8d07f7a693,18,9,39.66666666666666,397.8888888888889,3938,0.3773794672630002,0.2206900291760619,0.1131310060554514,0.7828574004279232,4.980964261895998,201,3938,0.0510411376333164,2,"[1, 1, 0, 0, 0, 1, 1, 1, 1]",0.3773794672630002,0.9182958340544894,2,0.25,3,0,1.3516441151533924,5.0,3.0,,1.0
fdbe783144cd43e2ad683e4f7e4a9df9,10,5,14.8,159.4,871,0.4134485998647504,0.0775595676061468,0.3267105881477697,0.520230642992108,2.3462056005409986,40,870,0.0459770114942528,2,"[0, 0, 0, 1, 1]",0.4134485998647504,0.9709505944546688,1,0.25,4,0,0.7219280948873623,1.0,4.0,,
b358253ed9df4c6c950a543162de6648,28,14,31.928571428571427,206.0,3331,0.2503368371079473,0.0950637395063755,0.1036123099631886,0.4211197996531347,9.745621117596684,95,3307,0.0287269428485031,3,"[1, 2, 2, 1, 1, 0, 1, 0, 1, 1, 1, 1, 1, 2]",0.2503368371079473,1.287054028118727,7,0.5384615384615384,7,0,1.0,7.0,7.0,,
8583fe9373384931a94dee43c0c9a795,12,6,13.166666666666666,2.1666666666666665,92,0.1032596802900647,0.0642766110689372,0.0405821784472598,0.1854589643493551,4.483701598549676,2,92,0.0217391304347826,2,"[1, 0, 0, 1, 1, 0]",0.1032596802900647,1.0,3,0.6,1,0,0.6500224216483541,5.0,1.0,,
44363e97a19542658e7b4cfcf8110700,12,6,31.166666666666668,42.0,439,0.1022470421211012,0.0158206631225187,0.0719755352081773,0.1177999473478736,4.488764789394494,13,436,0.0298165137614678,2,"[0, 1, 0, 1, 0, 1]",0.1022470421211012,1.0,5,1.0,3,0,1.459147917027245,2.0,3.0,,1.0
e251359a59704faeb0cfd07bef0a917e,60,30,76.1,86.83333333333333,4888,0.2524329773947712,0.1957534648108783,-0.0362074231561534,0.6577156139231648,21.67944365555164,128,4884,0.0262080262080262,4,"[2, 2, 2, 2, 0, 2, 3, 3, 0, 2, 0, 0, 0, 2, 0, 3, 0, 2, 0, 0, 3, 3, 0, 0, 3, 3, 3, 1, 1, 1]",0.2524329773947712,1.8799360853693936,16,0.5517241379310345,5,1,1.2867841337767103,21.0,5.0,1.0,3.0
61c07d9618bc4c9ca4a77ce094e5412e,10,5,75.4,41.6,585,0.2379495126213979,0.3268404292698617,0.0152200378545109,0.8021893232819934,3.048201949514408,17,585,0.029059829059829,2,"[0, 0, 1, 0, 1]",0.2379495126213979,0.9709505944546688,3,0.75,1,0,0.7219280948873623,4.0,1.0,,
f99e398c03d6448d8f4a0b150ef0ada5,14,7,13.285714285714286,212.57142857142856,1581,0.3280231265629513,0.1638276314508109,0.1803425144066677,0.6026221940462873,4.031861240622291,85,1581,0.053763440860215,2,"[1, 0, 0, 0, 1, 1, 1]",0.3280231265629513,0.9852281360342516,2,0.3333333333333333,4,0,0.9852281360342516,3.0,4.0,,
44bb3dba6c9b423fad65997017b9e79e,38,19,37.26315789473684,63.89473684210526,1922,0.2595973773903258,0.1405650080360394,-0.0083408760172223,0.4964486207159992,13.327247206974134,196,1922,0.1019771071800208,3,"[2, 2, 2, 1, 1, 2, 0, 0, 1, 1, 1, 1, 1, 1, 1, 2, 1, 1, 1]",0.2595973773903258,1.2674438038072338,6,0.3333333333333333,5,0,1.4674579648482995,10.0,5.0,,4.0
279c9cd26da345d8a41f290106c62467,10,5,28.2,351.2,1897,0.4446890659825712,0.3266499853467803,0.157472606391842,1.0000000000000009,2.221243736069716,189,1897,0.0996309963099631,2,"[1, 0, 0, 1, 0]",0.4446890659825712,0.9709505944546688,3,0.75,0,5,0.0,,,,5.0
b9d3fe75252c4b58b5353f74008db5c0,18,9,40.888888888888886,154.44444444444446,1758,0.367344344132528,0.2054864867013892,0.1423355407044057,0.810587808452274,5.061245246939776,143,1758,0.0813424345847554,2,"[1, 1, 1, 0, 0, 1, 1, 1, 1]",0.367344344132528,0.7642045065086203,2,0.25,4,0,1.3921472236645347,4.0,4.0,1.0,
26f1b69a5708424cb638d4aeaf9b8bb2,10,5,77.4,152.2,1148,0.1284800105304672,0.0654513987412931,0.0681736239072428,0.2316373029802653,3.486079957878131,75,1148,0.0653310104529616,2,"[1, 0, 1, 0, 1]",0.1284800105304672,0.9709505944546688,4,1.0,2,0,1.5219280948873626,2.0,1.0,2.0,
cf75aed2635e402893bf96efa472435d,12,6,60.66666666666666,178.66666666666666,1436,0.0848762268845743,0.0975236359098573,-0.0143357320651338,0.258474258896437,4.575618865577129,43,1436,0.0299442896935933,2,"[0, 1, 0, 0, 1, 1]",0.0848762268845743,1.0,3,0.6,2,1,1.459147917027245,2.0,3.0,1.0,
7cbc8039c13b469e89430a884d11c971,14,7,87.57142857142857,44.285714285714285,923,0.6601480036591504,0.3847960880636871,0.0999807110140482,1.0000000000000009,2.039111978045097,60,923,0.0650054171180931,2,"[0, 0, 0, 0, 1, 0, 0]",0.6601480036591504,0.5916727785823274,2,0.3333333333333333,1,0,0.5916727785823274,1.0,6.0,,
91c0fac7bfcd42b8a5c8ec4c87fa6f59,10,5,21.2,81.8,515,0.3687542849312538,0.2433633362187174,0.1688748714699537,0.7703229528579636,2.524982860274985,18,515,0.0349514563106796,2,"[1, 0, 0, 1, 1]",0.3687542849312538,0.9709505944546688,2,0.5,4,0,0.7219280948873623,4.0,1.0,,
54e0ed7c4b0e483483f62a2904cdabc5,14,7,15.285714285714286,244.1428571428572,1816,0.4915761439272093,0.3789169870204253,0.0634930150800514,0.962708314761634,3.0505431364367444,103,1816,0.0567180616740088,2,"[0, 1, 0, 0, 0, 1, 1]",0.4915761439272093,0.9852281360342516,3,0.5,0,4,0.9852281360342516,,3.0,,4.0
0cb134530c61453ba9f9f475735e3638,50,25,15.44,32.76,1205,0.1893924854773442,0.0965767185283153,0.0078133366068665,0.3975173568233667,19.454580348543736,89,1205,0.0738589211618257,4,"[0, 0, 0, 2, 3, 3, 2, 2, 0, 0, 2, 0, 0, 0, 2, 0, 1, 2, 1, 3, 2, 3, 0, 3, 2]",0.1893924854773442,1.810699332842308,17,0.7083333333333334,7,0,1.4056780552463377,,14.0,7.0,4.0
5238b0c2e6484864be7cb0b746a006fe,14,7,107.85714285714286,164.85714285714286,1909,0.5506766917296674,0.2428486492069296,0.2356297724031822,0.8810306058800712,2.695939849621996,122,1909,0.0639078051335777,2,"[0, 0, 0, 0, 0, 1, 0]",0.5506766917296674,0.5916727785823274,2,0.3333333333333333,2,0,1.3787834934861756,,4.0,2.0,1.0
699da99fafca4f2c8a3c9e4ca3751db9,12,6,15.0,272.6666666666667,1726,0.3801768765850782,0.1212580378624505,0.149292125726335,0.4872332386715329,3.0991156170746086,91,1726,0.0527230590961761,2,"[0, 0, 0, 1, 1, 0]",0.3801768765850782,0.9182958340544894,2,0.4,1,4,1.2516291673878228,4.0,,1.0,1.0
0970ca430f8d4bd6bdc85e2cf2b6c890,10,5,12.2,78.0,451,0.4610510053239466,0.1048322902312754,0.3499719346191413,0.5963626573661353,2.1557959787042136,16,451,0.0354767184035476,2,"[1, 0, 0, 1, 1]",0.4610510053239466,0.9709505944546688,2,0.5,3,0,0.9709505944546688,,2.0,3.0,
3ee4f4ff4275458793aa6874aef645f6,16,8,19.5,73.75,746,0.2502722451920545,0.2091107121586518,0.0661614254726333,0.7194294764737671,5.248094283655619,13,744,0.0174731182795698,2,"[0, 1, 0, 1, 0, 1, 0, 1]",0.2502722451920545,1.0,7,1.0,1,0,0.5435644431995964,,7.0,1.0,
49c742c168434543972d33e014658489,36,18,15.88888888888889,65.88888888888889,1472,0.1989793893159802,0.0899810362356312,0.0574498678303476,0.4058444416717792,13.617350381628338,101,1472,0.0686141304347826,3,"[1, 0, 2, 0, 2, 0, 0, 0, 0, 1, 1, 1, 1, 1, 1, 0, 1, 2]",0.1989793893159802,1.480682114966385,9,0.5294117647058824,5,1,1.2997367636952524,,11.0,5.0,2.0
f9d6a50c299243048b9451acd54fffae,10,5,14.6,70.0,423,0.5812380825378755,0.2617773026950676,0.1677799268287447,0.8862455961681528,1.6750476698484982,25,423,0.0591016548463357,2,"[0, 0, 0, 0, 1]",0.5812380825378755,0.7219280948873623,1,0.25,3,0,0.9709505944546688,,2.0,3.0,
7cd2367372e64483b57a57857a2dfabd,12,6,41.16666666666666,46.833333333333336,528,0.1251493551866253,0.0230145802090503,0.1018928114074745,0.1525243051844225,4.374253224066873,15,528,0.0284090909090909,2,"[0, 1, 0, 1, 0, 1]",0.1251493551866253,1.0,5,1.0,6,0,0.0,,,6.0,
ef0cd1b3dbdd4d249eb673c26e6f860d,28,14,106.35714285714286,154.35714285714286,3650,0.2446642489611518,0.2549442411737533,-0.0044216619815058,0.927875912215034,9.819364763505025,138,3650,0.0378082191780821,3,"[1, 2, 0, 2, 1, 0, 2, 1, 1, 1, 1, 0, 2, 0]",0.2446642489611518,1.556656707462823,10,0.7692307692307693,8,0,1.2638091738835462,,5.0,8.0,1.0
813ea6b86a8746d7b6c5e2943939414c,32,16,30.8125,85.5,1861,0.2005915127533412,0.2398922391871759,-0.0566118278773426,0.705637300753383,11.99112730869988,44,1861,0.0236432025792584,3,"[2, 2, 0, 2, 2, 0, 2, 0, 1, 2, 1, 1, 1, 2, 1, 2]",0.2005915127533412,1.4772170014624826,11,0.7333333333333333,12,0,1.014097655573916,,3.0,12.0,1.0
b9a7deca0c1646f692521d2c2989b23b,12,6,69.83333333333333,182.16666666666663,1512,0.1416456858640314,0.0747728317998883,0.0505734773194642,0.2769580714638137,4.291771570679843,42,1512,0.0277777777777777,2,"[1, 0, 0, 1, 1, 0]",0.1416456858640314,1.0,3,0.6,2,2,1.9182958340544896,2.0,1.0,2.0,1.0
c8767b99aa274ca987bbebd8325b7b7b,30,15,10.4,133.66666666666666,2161,0.2635267430668374,0.1864036595955951,0.0006093977586745,0.6669008916106868,10.310625597064275,60,2160,0.0277777777777777,3,"[2, 0, 1, 0, 1, 0, 1, 1, 1, 1, 1, 1, 1, 1, 1]",0.2635267430668374,1.0529815751302696,6,0.4285714285714285,14,0,0.3533593350214213,,1.0,14.0,
a0a94aaf9e024309af317bd82e91e908,10,5,11.0,339.0,1750,0.2958668722745062,0.3431901761648878,-0.0732869634294182,0.829820544133761,2.8165325109019745,61,1749,0.0348770726129216,2,"[1, 0, 0, 1, 1]",0.2958668722745062,0.9709505944546688,2,0.5,1,0,0.7219280948873623,,4.0,1.0,
6a37c873cad946519194ae12d59e7374,10,5,12.4,337.0,1747,0.7795583712641874,0.3818161010736633,0.1182334850567485,1.0000000000000002,0.8817665149432508,188,1747,0.1076130509444762,2,"[1, 0, 0, 0, 0]",0.7795583712641874,0.7219280948873623,1,0.25,0,5,0.7219280948873623,1.0,4.0,,
2273d80161ed4af2b60b6fa76fa83a4d,10,5,37.2,173.0,1051,0.8888649625656603,0.1574547789878265,0.6163882530040946,0.9881276853511308,0.4445401497373586,66,1051,0.0627973358705994,2,"[1, 0, 0, 0, 0]",0.8888649625656603,0.7219280948873623,1,0.25,0,0,0.0,,,,5.0
4d61e0530e13417cbae3348584dde1f6,18,9,17.555555555555557,183.11111111111111,1806,0.7451338188381003,0.190384950899445,0.4319973200916814,0.940312548681758,2.038929449295199,109,1806,0.0603543743078626,2,"[0, 0, 0, 0, 0, 0, 0, 1, 1]",0.7451338188381003,0.7642045065086203,1,0.125,2,0,0.7642045065086203,,,2.0,7.0
bca04b6678a042b0a08694d3790906e1,10,5,515.0,154.4,3347,0.9628815205680634,0.0100613244185131,0.9510613683255568,0.9776090314899228,0.1484739177277462,394,3345,0.1177877428998505,2,"[0, 0, 0, 0, 1]",0.9628815205680634,0.7219280948873623,1,0.25,5,5,0.0,,,5.0,
99d64672428940ee9e7598156c3eef08,14,7,15.571428571428571,124.14285714285714,978,0.3191782022617568,0.0601268031014627,0.2476600389687977,0.4245350703580902,4.084930786429459,51,978,0.0521472392638036,2,"[1, 0, 0, 0, 1, 0, 1]",0.3191782022617568,0.9852281360342516,4,0.6666666666666666,5,1,1.1488348542809168,1.0,,5.0,1.0
ef37e5760e5d40249b1cc261417c7f07,32,16,160.75,34.25,3120,0.901862148510379,0.178384000280805,0.2896243943236988,1.0000000000000009,1.4720677723443152,100,3120,0.032051282051282,3,"[2, 2, 0, 0, 0, 0, 0, 2, 0, 0, 0, 0, 0, 0, 2, 1]",0.901862148510379,1.1216407621868585,5,0.3333333333333333,15,0,0.3372900666170139,,1.0,15.0,
8c4a9edcd9884bcf9d464fbee0321c4f,12,6,43.66666666666666,67.83333333333333,669,0.2157678377846443,0.2999209787511531,-0.01497014227504,0.7774916759934196,3.9211608110767777,6,669,0.0089686098654708,2,"[1, 1, 0, 1, 0, 0]",0.2157678377846443,1.0,3,0.6,1,0,0.6500224216483541,,,1.0,5.0
c12f7a9c74ab453a8567522930d51bd6,16,8,113.125,178.625,2334,0.5961247274158941,0.1487636061467471,0.3118230655809555,0.7638876041279843,2.8271269080887422,234,2334,0.1002570694087403,2,"[1, 1, 0, 1, 1, 1, 1, 1]",0.5961247274158941,0.5435644431995964,2,0.2857142857142857,1,0,1.4056390622295665,,3.0,1.0,4.0
e0f4819207944826aa864c77dfc091b9,10,5,9.8,269.4,1396,0.2961216450298202,0.1305799275631546,0.1507237522588906,0.499181649083305,2.815513419880719,48,1396,0.0343839541547277,2,"[1, 0, 1, 0, 1]",0.2961216450298202,0.9709505944546688,4,1.0,0,4,0.7219280948873623,4.0,,,1.0
cfd96d4acf524183a7cdda25a3146040,44,22,17.90909090909091,128.54545454545453,3222,0.1839277687647338,0.1107101208921769,-0.0006271977788048,0.4554342908904189,17.137516855940586,119,3222,0.036933581626319,3,"[2, 0, 1, 2, 2, 2, 2, 0, 0, 0, 0, 1, 1, 1, 0, 1, 1, 0, 1, 1, 1, 1]",0.1839277687647338,1.5285040787412216,9,0.4285714285714285,16,1,0.8453509366224364,,,16.0,6.0
2e296558d99c44a5b5600e7f37489d43,12,6,18.0,134.33333333333334,914,0.0719656374772265,0.0444208572251023,0.0024901424796671,0.1188252433874229,4.640171812613867,24,914,0.0262582056892779,2,"[0, 1, 0, 1, 0, 1]",0.0719656374772265,1.0,5,1.0,0,1,0.6500224216483541,1.0,,,5.0
ee3bce40539d4440956f577e07af4705,10,5,202.2,263.8,2330,0.7122846571463627,0.2581380086090847,0.2665587011389946,0.8874776082300455,1.1508613714145493,158,2330,0.0678111587982832,2,"[0, 1, 1, 1, 1]",0.7122846571463627,0.7219280948873623,1,0.25,0,1,1.5219280948873626,1.0,2.0,,2.0
fb154fec4d0048b3b1cec1b097688842,12,6,131.16666666666666,128.66666666666666,1559,0.6354867196090067,0.170464038931327,0.4099585735530733,0.9148382685658888,1.8225664019549657,54,1559,0.0346375881975625,2,"[0, 0, 0, 1, 1, 1]",0.6354867196090067,1.0,1,0.2,3,0,1.459147917027245,2.0,1.0,3.0,
bd7c5a9430524309b0f08cf7ff389c0a,18,9,66.0,60.22222222222222,1136,0.2206013723578579,0.1938799081604408,-0.0227488892910379,0.6048500456182604,6.235189021137137,75,1136,0.0660211267605633,2,"[1, 1, 1, 0, 1, 1, 1, 1, 0]",0.2206013723578579,0.7642045065086203,3,0.375,3,0,1.584962500721156,3.0,3.0,3.0,
f35e46da5cc844f39bf326eb640498cc,12,6,192.16666666666663,166.5,2152,0.7280013567035964,0.2172533143256804,0.2974625740550088,0.8833451078137614,1.3599932164820177,144,2152,0.0669144981412639,2,"[0, 0, 0, 0, 0, 1]",0.7280013567035964,0.6500224216483541,1,0.2,0,1,1.2516291673878228,4.0,1.0,,1.0
bf33f6decac34843abc41aecdf092f07,18,9,182.3333333333333,280.1111111111111,4162,0.5880511284637272,0.3186303754599159,0.1519773337107356,1.0000000000000009,3.295590972290182,275,4162,0.0660740028832292,2,"[0, 0, 1, 1, 1, 1, 1, 1, 1]",0.5880511284637272,0.7642045065086203,1,0.125,5,3,1.6577427265048892,1.0,2.0,5.0,1.0
18b868316ac2453ea09cdc6305fe6ec3,20,10,16.3,244.7,2610,0.2706850417566147,0.2831509414055124,-0.0178761921291138,0.7862271156310323,6.563834624190468,127,2609,0.048677654273668,2,"[1, 0, 0, 0, 1, 1, 1, 1, 0, 1]",0.2706850417566147,0.9709505944546688,4,0.4444444444444444,8,1,0.9219280948873624,,1.0,8.0,1.0
49e4b07812914111be7206a1d80a4037,20,10,10.7,129.4,1401,0.4216187739668264,0.276350599740663,0.0571006821655291,0.8758168077081738,5.205431034298562,61,1401,0.0435403283369022,2,"[0, 0, 0, 0, 1, 1, 1, 1, 0, 0]",0.4216187739668264,0.9709505944546688,2,0.2222222222222222,8,0,0.7219280948873623,,2.0,8.0,
db538aedfeac416e933f7cc4673f6f79,20,10,24.9,103.6,1285,0.4331181866320472,0.3625858081823754,0.0543591515850693,0.972550615251702,5.101936320311576,65,1285,0.0505836575875486,2,"[0, 0, 0, 0, 0, 0, 1, 0, 1, 1]",0.4331181866320472,0.8812908992306927,3,0.3333333333333333,0,9,0.7219280948873623,2.0,,,8.0
90df17d6a1224eb5af715e8b99457780,14,7,14.285714285714286,64.42857142857143,551,0.3222012132428769,0.2918371693934495,-0.0206521850766694,0.7251000166609267,4.066792720542739,22,551,0.0399274047186932,2,"[1, 0, 0, 0, 1, 1, 0]",0.3222012132428769,0.9852281360342516,3,0.5,5,0,0.8631205685666311,2.0,,5.0,
0d697304a16944b8bbc00803642755aa,18,9,60.44444444444444,113.11111111111111,1562,0.455702952745161,0.1811588518335732,0.0604229704878014,0.6371780833965254,4.354376378038712,57,1562,0.0364916773367477,2,"[0, 0, 0, 0, 0, 0, 1, 1, 1]",0.455702952745161,0.9182958340544894,1,0.125,7,0,0.7642045065086203,2.0,,7.0,
4c49de1747764fc3a534cf758ea6173a,14,7,15.0,210.8571428571429,1581,0.4356433198037614,0.2324794627610526,0.0422413875685893,0.7387992255156026,3.386140081177431,70,1580,0.0443037974683544,2,"[1, 1, 0, 0, 0, 1, 1]",0.4356433198037614,0.9852281360342516,2,0.3333333333333333,5,0,1.1488348542809168,1.0,1.0,5.0,
a9944d36f51c4c138b37a91b584bc615,10,5,104.8,224.4,1646,0.6720403941099149,0.1528273929541997,0.4480202256798653,0.8747949812213396,1.3118384235603409,110,1646,0.0668286755771567,2,"[0, 0, 0, 0, 1]",0.6720403941099149,0.7219280948873623,1,0.25,4,0,0.7219280948873623,,1.0,4.0,
a6502f5ea1124c22824a4f4454dcfebf,10,5,47.4,252.0,1497,0.2332839280359214,0.1951132524306534,0.0613870707601461,0.5649046935541082,3.066864287856314,50,1492,0.0335120643431635,2,"[1, 0, 1, 0, 0]",0.2332839280359214,0.9709505944546688,3,0.75,0,5,0.7219280948873623,,4.0,,1.0
d211443959f340ee8d3e390b0848a4c2,10,5,25.2,277.8,1515,0.4728783440509889,0.3176504517757166,0.1773089029418801,1.0000000000000002,2.108486623796044,70,1515,0.0462046204620462,2,"[0, 0, 1, 1, 1]",0.4728783440509889,0.9709505944546688,1,0.25,0,2,0.9709505944546688,3.0,,,2.0
eefad565b2754f91beb31c91b9255e7f,14,7,38.142857142857146,158.42857142857142,1376,0.4387663743236611,0.2535157571786929,0.1631940532108871,0.8875146483323113,3.367401754058033,65,1376,0.0472383720930232,2,"[0, 0, 0, 1, 0, 1, 1]",0.4387663743236611,0.9852281360342516,3,0.5,0,0,0.8631205685666311,5.0,2.0,,
83605e254fd94de59e24ede30e509c6c,32,16,30.0625,28.1875,932,0.6489398062425279,0.3966012769270557,0.0615663457783518,0.9982885371983586,5.265902906362082,70,932,0.075107296137339,3,"[2, 1, 1, 1, 1, 0, 1, 1, 1, 1, 1, 1, 1, 1, 1, 1]",0.6489398062425279,0.6685644431995965,3,0.2,0,0,0.8960382325345574,11.0,5.0,,
851d5996dd4141758ef9b6237045ba7e,12,6,14.833333333333334,110.16666666666669,750,0.1190041182897757,0.1058295049779644,-0.0115076906653927,0.297413169183871,4.404979408551121,19,750,0.0253333333333333,2,"[1, 1, 0, 0, 1, 0]",0.1190041182897757,1.0,3,0.6,3,0,1.0,3.0,,3.0,
aeffae8d4686495a8c936da25c62b8c2,16,8,146.375,55.625,1616,0.622569172070803,0.0991471101695787,0.4297179802222077,0.7454448289028741,2.642015795504379,104,1616,0.0643564356435643,2,"[1, 1, 0, 0, 1, 0, 1, 0]",0.622569172070803,1.0,5,0.7142857142857143,3,0,0.954434002924965,,5.0,3.0,
dfebb8ca8d5447cfb2733cd517e8c348,20,10,14.5,7.9,224,0.1852569085776707,0.1493741049242528,0.0288809625895899,0.5250822170650401,7.332687822800963,3,224,0.0133928571428571,2,"[1, 0, 0, 0, 1, 0, 1, 1, 0, 1]",0.1852569085776707,1.0,6,0.6666666666666666,5,0,1.3609640474436813,4.0,1.0,5.0,
d50bbad7efff43f28a11a996929bdef6,10,5,15.4,163.6,895,0.4073729640850536,0.4068124213973869,-0.0585132966746589,0.8935767868405842,2.370508143659786,30,895,0.0335195530726257,2,"[0, 0, 0, 1, 1]",0.4073729640850536,0.9709505944546688,1,0.25,2,0,0.9709505944546688,3.0,,2.0,
957a578866ec4111b2924a14a90d13bb,14,7,14.285714285714286,45.57142857142857,419,0.1984921666097236,0.0881022042451287,0.099668227539157,0.3608544940550223,4.809047000341658,18,418,0.0430622009569378,2,"[0, 1, 0, 1, 0, 1, 1]",0.1984921666097236,0.9852281360342516,5,0.8333333333333334,1,0,0.5916727785823274,6.0,,1.0,
378854c702a141469c0d3b0adb086fe3,28,14,12.857142857142858,70.57142857142857,1168,0.1506552674062493,0.1723434455050021,-0.1351519424420504,0.5237175205574756,11.04148152371876,35,1166,0.030017152658662,3,"[1, 2, 2, 1, 2, 0, 0, 1, 0, 1, 1, 1, 1, 1]",0.1506552674062493,1.41379956460568,7,0.5384615384615384,8,0,0.9852281360342516,6.0,8.0,,
1d4eebe9b31642198644fa2a060b57e7,22,11,12.363636363636363,78.0909090909091,995,0.1511849161003356,0.1155657501300377,-0.0100466956823582,0.3560977080064236,8.488150838996644,28,991,0.0282542885973763,2,"[0, 1, 0, 0, 0, 1, 1, 0, 1, 1, 1]",0.1511849161003356,0.9940302114769566,5,0.5,8,0,0.8453509366224364,3.0,8.0,,
480b6a174ebd4bb2b99d62045572208a,12,6,19.666666666666668,167.16666666666666,1121,0.5909874038531188,0.2628073686198595,0.1192958579896201,0.8095623978601915,2.045062980734406,86,1121,0.0767172167707404,2,"[0, 0, 0, 0, 0, 1]",0.5909874038531188,0.6500224216483541,1,0.2,1,0,0.6500224216483541,5.0,1.0,,
aafd594128cf4a92b7fe660d08093922,10,5,17.4,160.4,889,0.3731437089716812,0.2005883016498193,0.1307467418621367,0.6631176470930036,2.5074251641132754,43,889,0.0483689538807649,2,"[0, 0, 1, 1, 1]",0.3731437089716812,0.9709505944546688,1,0.25,4,0,0.7219280948873623,1.0,4.0,,
3caffdb2b25444a0abf93e64e8b991ec,40,20,75.55,26.8,2047,0.2301002128897338,0.1751675864360767,-0.0454132635339087,0.5933312269686817,14.628095955095056,37,2047,0.0180752320468979,3,"[2, 0, 1, 2, 0, 1, 1, 0, 1, 0, 2, 1, 1, 1, 0, 0, 0, 0, 1, 0]",0.2301002128897338,1.4577174691301484,13,0.6842105263157895,19,0,0.2863969571159562,1.0,19.0,,
f0581a53a9214aebb6f51c53fc741165,10,5,39.2,302.8,1710,0.4446526534331337,0.1799983333152741,0.1727173627008942,0.678982787846276,2.221389386267465,79,1708,0.0462529274004683,2,"[1, 0, 1, 1, 0]",0.4446526534331337,0.9709505944546688,3,0.75,4,0,0.7219280948873623,1.0,4.0,,
68521e02bb96427c80c1f4437228515b,12,6,207.3333333333333,136.0,2060,0.2091026672505682,0.2334469024685156,-0.0199132442557245,0.6442829865546522,3.954486663747159,58,2060,0.0281553398058252,2,"[0, 1, 0, 0, 1, 1]",0.2091026672505682,1.0,3,0.6,0,0,0.9182958340544894,4.0,,,2.0
32b837f067c647cf850d304deb4f9c71,10,5,28.0,31.0,295,0.748188204729417,0.1422931159856941,0.5950253447673404,0.979775530176284,1.0072471810823318,17,295,0.0576271186440678,2,"[0, 0, 0, 0, 1]",0.748188204729417,0.7219280948873623,1,0.25,3,0,0.9709505944546688,2.0,3.0,,
0069c56477a94c14814134a307171c11,16,8,16.75,188.375,1641,0.6796236605034535,0.1834333961070582,0.3296822871364904,0.8649358364519532,2.242634376475826,25,1641,0.0152346130408287,2,"[0, 1, 0, 0, 0, 1, 1, 1]",0.6796236605034535,1.0,3,0.4285714285714285,8,0,0.0,,8.0,,
6d3f46a5f36245e5ba76921d3aa054a3,18,9,27.88888888888889,114.66666666666669,1283,0.2774119756367809,0.2020031578733258,-0.0270788074788686,0.5220415353041494,5.780704194905752,142,1283,0.1106780982073265,2,"[1, 0, 0, 0, 1, 0, 0, 0, 1]",0.2774119756367809,0.9182958340544894,4,0.5,3,4,1.5304930567574826,2.0,3.0,4.0,
6701a767e2544133a64bd1be63e093a3,26,13,27.15384615384616,46.30769230769231,955,0.2012987596121845,0.1457692540242816,0.0076972181024366,0.3980191835370825,9.584414884653787,28,955,0.0293193717277486,3,"[2, 2, 2, 0, 0, 1, 1, 0, 1, 0, 2, 1, 1]",0.2012987596121845,1.5766212201074914,7,0.5833333333333334,5,0,1.2957378005380122,7.0,5.0,,1.0
d47487959d3d4ff48e5d9a305b24f45f,10,5,24.6,104.2,644,0.695045641705368,0.314800533074413,0.250753149975422,0.9921415048339802,1.219817433178528,41,644,0.0636645962732919,2,"[0, 0, 0, 0, 1]",0.695045641705368,0.7219280948873623,1,0.25,1,1,1.370950594454669,3.0,1.0,1.0,
e5004757d3194ce284ca19445b4248e9,10,5,16.8,294.0,1554,0.3475836282588542,0.3767670819117995,0.1232286767427935,1.0000000000000009,2.609665486964583,94,1554,0.0604890604890604,2,"[1, 0, 0, 1, 0]",0.3475836282588542,0.9709505944546688,3,0.75,0,4,0.7219280948873623,,,1.0,4.0
4fdc9bf97a6146e1bad8b17069b8942a,10,5,36.4,143.8,901,0.3696939308653407,0.2380669830649616,0.0651845563160579,0.6920308787946302,2.521224276538637,60,901,0.0665926748057713,2,"[0, 0, 1, 1, 1]",0.3696939308653407,0.9709505944546688,1,0.25,1,1,1.370950594454669,3.0,1.0,1.0,
880d12159d9e4dc0ad8b2e7a56c3d6f3,34,17,56.94117647058823,125.47058823529412,3101,0.2020575863908816,0.1534634759588802,0.0131868830272128,0.6231226945590058,12.767078617745891,48,3101,0.0154788777813608,3,"[1, 2, 2, 0, 1, 1, 0, 2, 0, 1, 2, 1, 1, 0, 1, 1, 1]",0.2020575863908816,1.4680907816632327,11,0.6875,4,2,1.086312840741288,12.0,4.0,,1.0
a909521ddd8348b48f148a8bc84a5a60,30,15,17.733333333333334,1.0,281,0.142535587491235,0.1176648176511584,0.0156721462814068,0.4457342628034512,12.00450177512271,14,280,0.05,3,"[0, 2, 1, 1, 1, 0, 1, 1, 0, 1, 2, 1, 2, 2, 1]",0.142535587491235,1.4565647621309543,10,0.7142857142857143,1,0,1.0529815751302694,11.0,1.0,3.0,
c30bd82ed4014d9389119d6e310580c7,12,6,98.83333333333331,52.833333333333336,910,0.1623889768352799,0.1341914900733657,0.058242204945069,0.4208659963202183,4.1880551158236,11,910,0.012087912087912,2,"[0, 1, 0, 0, 1, 1]",0.1623889768352799,1.0,3,0.6,2,0,0.9182958340544894,4.0,2.0,,
382c6e52722746d3a4089e4b35217425,10,5,64.0,271.6,1678,0.8000502184664877,0.3463231805783418,0.2002008738659485,1.0000000000000009,0.7997991261340495,122,1678,0.0727056019070321,2,"[1, 0, 0, 0, 0]",0.8000502184664877,0.7219280948873623,1,0.25,0,4,0.7219280948873623,1.0,,4.0,
59132d083afe488c84aa8f9cd09e9fb5,12,6,13.166666666666666,38.5,310,0.1358307069879655,0.0394464705206053,0.0647992549884693,0.1754855931847904,4.320846465060172,6,310,0.0193548387096774,2,"[0, 1, 0, 1, 0, 1]",0.1358307069879655,1.0,5,1.0,1,0,0.6500224216483541,5.0,1.0,,
4e1edbb4ae1641b9ad270be3ebcdaa18,10,5,75.0,92.0,835,0.5780669575619269,0.3507938176189547,0.0457887634430983,0.99871694809932,1.6877321697522922,68,835,0.081437125748503,2,"[0, 0, 0, 0, 1]",0.5780669575619269,0.7219280948873623,1,0.25,0,2,0.9709505944546688,3.0,,,2.0
b08034b0a4a3424798832b6748433d12,10,5,14.8,192.4,1036,0.7952610339561136,0.2144231335781935,0.4289846197756004,0.9743777299531524,0.8189558641755458,111,1036,0.1071428571428571,2,"[0, 0, 0, 0, 1]",0.7952610339561136,0.7219280948873623,1,0.25,1,4,0.7219280948873623,,1.0,,4.0
d38b4a79177a48cbbdb71cb6d5ea8911,12,6,82.5,190.0,1635,0.5369704617057061,0.1675740891133867,0.3399293327486658,0.8442118960891538,2.31514769147147,219,1635,0.1339449541284403,2,"[1, 1, 0, 1, 1, 1]",0.5369704617057061,0.6500224216483541,2,0.4,1,0,1.459147917027245,3.0,1.0,2.0,
3cfd6bbed8f84a7399b610092ef4b00a,26,13,13.538461538461538,60.92307692307692,968,0.2592236639732588,0.14356446845308,0.0410451870311639,0.4766123946216518,8.889316032320894,23,968,0.0237603305785123,3,"[2, 2, 1, 0, 0, 2, 1, 1, 1, 2, 0, 2, 1]",0.2592236639732588,1.5485806065228545,8,0.6666666666666666,8,1,1.2389012566026307,8.0,4.0,1.0,
b55d849487bb42b3867e5eef9cf56b21,22,11,171.36363636363637,98.9090909090909,2973,0.2245518270208225,0.090906548628668,0.0637232302405304,0.3686152775674047,7.754481729791775,55,2973,0.0184998318197107,2,"[1, 0, 0, 1, 0, 1, 1, 0, 1, 0, 1]",0.2245518270208225,0.9940302114769566,8,0.8,5,0,1.4949188482339508,5.0,4.0,,2.0
5dd2e2ffd0a74375a28990360d465986,12,6,15.833333333333334,222.5,1430,0.2141405353659266,0.3968286452028445,-0.0621063192351175,1.0000000000000009,3.929297323170368,17,1430,0.0118881118881118,2,"[1, 0, 0, 1, 0, 1]",0.2141405353659266,1.0,4,0.8,0,2,0.9182958340544894,,4.0,,2.0
22b8bce1a0584a9e9473d98c8afc9354,30,15,15.933333333333334,8.733333333333333,370,0.1351633818733466,0.1601646824245673,-0.0394022354325701,0.5920438040795573,12.107712653773149,2,370,0.0054054054054054,3,"[0, 2, 1, 2, 1, 0, 2, 0, 0, 0, 0, 0, 2, 0, 1]",0.1351633818733466,1.4565647621309543,10,0.7142857142857143,4,0,1.1589385323502772,4.0,10.0,,1.0
31c0e08524164d9793b35f66a45f0797,16,8,23.625,147.75,1371,0.2790016258947096,0.3353882971546961,-0.0196133047882261,1.0000000000000009,5.046988618737033,55,1353,0.040650406504065,2,"[0, 1, 0, 0, 1, 1, 1, 1]",0.2790016258947096,0.954434002924965,3,0.4285714285714285,6,2,0.8112781244591328,6.0,,,2.0
73346074166a446d923f4a29c373325f,30,15,66.8,2480.6666666666665,38212,0.6340479262707285,0.0974622617450539,0.3524232588305994,0.720126037277603,5.123329032209801,3702,38212,0.0968805610802889,3,"[2, 0, 0, 1, 0, 0, 0, 0, 0, 0, 1, 1, 1, 1, 1]",0.6340479262707285,1.2729055953200563,4,0.2857142857142857,9,0,1.3382689280764646,9.0,2.0,,4.0
f61c0e19f9554a7494d7511810e92b28,28,14,30.214285714285715,74.42857142857143,1465,0.3690164905241241,0.1198898062966867,0.0928890203292586,0.5870608376989328,8.202785623186386,49,1465,0.0334470989761092,3,"[2, 1, 1, 1, 0, 0, 1, 1, 1, 1, 1, 1, 1, 1]",0.3690164905241241,0.946372935985442,3,0.2307692307692307,1,1,1.089230078842585,1.0,11.0,1.0,1.0
4fe2e087fb844974b18fcbbee9a680d3,10,5,9.0,91.6,503,0.4010858107380907,0.3293004167891383,0.1533866242982821,0.9667185210553344,2.3956567570476373,18,503,0.0357852882703777,2,"[0, 0, 1, 1, 0]",0.4010858107380907,0.9709505944546688,2,0.5,2,0,0.9709505944546688,2.0,3.0,,
f7713a746fef458fa0ad8949116e69dd,14,7,36.285714285714285,75.42857142857143,782,0.4942884422651439,0.2615930861397503,-0.0124386155889136,0.7920732023082897,3.034269346409136,29,781,0.0371318822023047,2,"[0, 1, 0, 0, 1, 1, 1]",0.4942884422651439,0.9852281360342516,3,0.5,3,0,0.9852281360342516,3.0,4.0,,
f03224f320f8488dbedc5b73033728e2,16,8,18.375,452.875,3770,0.4662727856397805,0.2888679233716294,0.1686467607491836,0.901051501183174,3.736090500521536,130,3769,0.0344919076678163,2,"[0, 1, 0, 0, 0, 0, 1, 1]",0.4662727856397805,0.954434002924965,3,0.4285714285714285,4,0,1.0,4.0,4.0,,
b6353bc206164b0a86e08f2a193a1567,54,27,13.22222222222222,196.66666666666663,5667,0.1351796983241239,0.1516439175758814,-0.0332082278348316,0.5439208462614584,22.48532784357278,157,5666,0.0277091422520296,4,"[2, 2, 2, 1, 2, 0, 0, 0, 2, 1, 0, 2, 0, 0, 0, 3, 1, 3, 3, 1, 0, 1, 1, 1, 0, 1, 1]",0.1351796983241239,1.8910611120726528,16,0.6153846153846154,20,0,0.8256265261578954,20.0,7.0,,
e946014816b242a5bfe7a693681b50a6,22,11,27.181818181818183,148.9090909090909,1937,0.3447595503915719,0.218066042159043,0.0453898110107102,0.7268290488090744,6.55240449608428,60,1937,0.0309757356737222,2,"[0, 1, 0, 0, 0, 0, 0, 1, 1, 1, 0]",0.3447595503915719,0.94566030460064,4,0.4,0,4,1.3221793455166666,,6.0,4.0,1.0
0c037fe3ebe24b18a520b709b8d19bf0,16,8,94.375,113.875,1666,0.586822600073521,0.1548993575169597,0.2972935283051383,0.7979510644533537,2.8922417994853533,163,1666,0.0978391356542617,2,"[1, 1, 0, 0, 1, 1, 1, 1]",0.586822600073521,0.8112781244591328,2,0.2857142857142857,3,0,1.4056390622295665,3.0,4.0,,1.0
e64c5fa3ff4b4a61b0ecc617081ef2d7,44,22,39.95454545454545,39.81818181818182,1755,0.2080817925867772,0.139339878399082,-0.0205966438318546,0.6036355163576967,16.630282355677675,45,1755,0.0256410256410256,3,"[2, 2, 1, 2, 2, 1, 0, 0, 0, 0, 1, 0, 1, 1, 0, 1, 1, 1, 1, 1, 0, 1]",0.2080817925867772,1.4728301523003202,11,0.5238095238095238,2,4,1.3410971216314893,15.0,2.0,4.0,1.0
2f0bf5ecc2b34162bdfaf5dfca80ecc9,30,15,55.46666666666667,55.2,1660,0.6179399277147272,0.1613426732456052,0.2108859338397838,0.7496898860874326,5.348841011993819,89,1658,0.0536791314837153,3,"[2, 1, 1, 1, 1, 0, 1, 1, 0, 1, 1, 1, 1, 2, 1]",0.6179399277147272,1.103307408607834,7,0.5,0,0,0.9182958340544894,10.0,,,5.0
519246e23f414d4dbc7b5c423cddc979,12,6,68.83333333333333,233.8333333333333,1816,0.6234130627692085,0.2362091350978499,0.3446734175612084,0.946771291953986,1.8829346861539569,128,1816,0.0704845814977973,2,"[1, 0, 0, 0, 1, 1]",0.6234130627692085,1.0,2,0.4,0,5,1.2516291673878228,1.0,,4.0,1.0
17e4f8ff36fc485b814599c86240542c,10,5,77.0,156.0,1165,0.8998379187973518,0.0981713550647058,0.7457952425766301,0.9856384201247218,0.4006483248105934,93,1165,0.0798283261802575,2,"[0, 0, 0, 0, 1]",0.8998379187973518,0.7219280948873623,1,0.25,0,5,0.0,,,5.0,
f837c88b046046208147247eacd3abde,12,6,10.0,71.66666666666667,490,0.2849628225278934,0.0903672566116321,0.1798252269634419,0.4131848313579048,3.5751858873605324,29,490,0.0591836734693877,2,"[0, 1, 0, 1, 1, 0]",0.2849628225278934,1.0,4,0.8,5,0,0.6500224216483541,1.0,5.0,,
f74ecf84b7224c28ad66af88d7ddd4da,10,5,46.8,120.4,836,0.661489172507858,0.3443401358825495,0.0816045905645845,0.946800584177824,1.354043309968568,53,836,0.0633971291866028,2,"[0, 0, 0, 0, 1]",0.661489172507858,0.7219280948873623,1,0.25,0,2,0.9709505944546688,3.0,,2.0,
64e106f1199449d3ab40c2999f4a7f8c,16,8,46.125,197.5,1949,0.6441018828389796,0.1387157479548694,0.3472871870064926,0.7838365361529285,2.491286820127143,87,1949,0.0446382760389943,2,"[0, 0, 0, 0, 1, 1, 1, 1]",0.6441018828389796,1.0,1,0.1428571428571428,2,0,0.8112781244591328,6.0,2.0,,
f4da9226f1e4486ca05f8da3cbb4de88,16,8,30.75,130.0,1286,0.29904032471111,0.251987885908475,-0.0105753816660479,0.6893680280046204,4.9067177270222295,62,1286,0.0482115085536547,2,"[1, 0, 0, 1, 1, 1, 0, 1]",0.29904032471111,0.954434002924965,4,0.5714285714285714,2,0,0.8112781244591328,6.0,2.0,,
288d25c1be014a72a529fab3fd022158,12,6,20.83333333333333,218.8333333333333,1438,0.4556633330151351,0.2116626354292023,0.0701988515408781,0.6271897493411791,2.7216833349243243,54,1438,0.0375521557719054,2,"[0, 0, 0, 0, 1, 1]",0.4556633330151351,0.9182958340544894,1,0.2,2,0,0.9182958340544894,4.0,2.0,,
9570390d1f374748937d316f469ce558,18,9,59.66666666666666,420.8888888888889,4325,0.884744102461081,0.0983583687096956,0.655927344356193,0.9845466593194508,0.922047180311352,282,4325,0.0652023121387283,2,"[1, 1, 0, 0, 1, 1, 1, 1, 1]",0.884744102461081,0.7642045065086203,2,0.25,0,9,0.0,,,9.0,
16af5f418a7a419d968e02825f4d7f58,22,11,171.36363636363637,154.45454545454547,3584,0.2245518322999253,0.0909065604993023,0.0637232302405304,0.3686152775674047,7.754481677000747,55,3584,0.0153459821428571,2,"[1, 0, 0, 1, 0, 1, 1, 0, 1, 0, 1]",0.2245518322999253,0.9940302114769566,8,0.8,5,0,1.4949188482339508,4.0,5.0,,2.0
880117fb83fc4a1da185d0afdf5dd098,10,5,19.2,313.0,1661,0.2779001633234961,0.3186941069763783,-0.0700585194791702,0.7174660606694027,2.888399346706015,51,1661,0.0307043949428055,2,"[1, 0, 0, 1, 1]",0.2779001633234961,0.9709505944546688,2,0.5,4,0,0.7219280948873623,1.0,4.0,,
1c1515dacd1e4354bf9e2c9c8c80f508,32,16,52.625,66.1875,1901,0.5897795390355027,0.1132907624210364,0.4339432896410087,0.8745299191617479,6.153306914467459,156,1901,0.0820620725933719,3,"[2, 1, 0, 1, 1, 0, 0, 1, 1, 1, 1, 1, 1, 1, 1, 1]",0.5897795390355027,1.014097655573916,5,0.3333333333333333,13,0,0.6962122601251458,3.0,,13.0,
7a5d5ae0c6eb456d8fa4b2112ee6b746,10,5,13.8,17.6,157,0.3043901613041836,0.2067754643944823,0.0723716475453055,0.632753816691313,2.782439354783265,6,157,0.0382165605095541,2,"[0, 0, 1, 1, 1]",0.3043901613041836,0.9709505944546688,1,0.25,3,0,0.9709505944546688,2.0,,3.0,
11bbcacdb6534b37a353c41939a92b37,18,9,39.66666666666666,119.66666666666669,1434,0.5465944497631628,0.1968289403744492,0.2831346009682209,0.8674571195738018,3.627244401894698,113,1433,0.0788555478018143,2,"[0, 0, 0, 0, 0, 0, 0, 1, 0]",0.5465944497631628,0.5032583347756457,2,0.25,5,0,1.3516441151533922,3.0,1.0,5.0,
3b603f25b7454eda8bdd837be5c0e5ec,48,24,10.958333333333334,183.4583333333333,4666,0.5317059919195556,0.3373279786120917,-0.0483960293506685,1.0000000000000004,10.770762185850222,202,4666,0.0432918988426918,3,"[2, 0, 0, 2, 0, 0, 0, 0, 0, 0, 0, 1, 1, 1, 0, 1, 0, 0, 0, 0, 0, 0, 0, 0]",0.5317059919195556,1.0408520829727552,7,0.3043478260869565,18,4,1.0408520829727554,2.0,,18.0,4.0
9308c08f57454394bbfe06a9fb697358,10,5,59.4,1099.4,5794,0.6168773723988542,0.0769739332175163,0.5244073151726933,0.7345822604260255,1.5324905104045834,742,5794,0.1280635139799792,2,"[0, 0, 0, 0, 1]",0.6168773723988542,0.7219280948873623,1,0.25,0,2,1.5219280948873626,1.0,2.0,,2.0
b17e8cd7fe894e51ae4f06f28dcb1594,10,5,191.6,116.6,1541,0.3094445575057381,0.3073229178709558,0.0180819073848989,0.8128274896080818,2.762221769977048,66,1541,0.0428293316028552,2,"[0, 0, 1, 1, 0]",0.3094445575057381,0.9709505944546688,2,0.5,0,0,0.9709505944546688,3.0,2.0,,
581ae465577840afa1c1ec6c22624f0d,18,9,11.333333333333334,27.444444444444443,349,0.3115691196712857,0.2813907853460008,0.0309742206598922,0.7726273881058696,5.507447042629715,12,349,0.0343839541547277,2,"[1, 1, 0, 0, 0, 1, 1, 1, 1]",0.3115691196712857,0.9182958340544894,2,0.25,7,1,0.9864267287308426,1.0,,7.0,1.0
61dc47db8df04c86b3a67962678dd570,10,5,21.0,220.8,1209,0.3037730344439832,0.1597693563601652,0.080103757271942,0.4670422517558029,2.784907862224067,64,1209,0.0529363110008271,2,"[1, 0, 1, 0, 1]",0.3037730344439832,0.9709505944546688,4,1.0,4,0,0.7219280948873623,1.0,4.0,,
37692577996b4b31b03cdebbadb989dd,12,6,39.0,208.3333333333333,1484,0.3902646631709692,0.3247757338890916,0.0185412619963543,0.9855550555628192,3.0486766841451542,74,1482,0.0499325236167341,2,"[0, 0, 0, 0, 1, 1]",0.3902646631709692,0.9182958340544894,1,0.2,0,3,1.0,3.0,,,3.0
f129cdb98acb476a95080392b80269f5,20,10,26.0,45.4,714,0.7583314327553423,0.1778196984151321,0.5004583003093586,0.9964449472347104,2.17501710520192,12,714,0.0168067226890756,2,"[1, 1, 0, 0, 1, 1, 1, 0, 0, 0]",0.7583314327553423,1.0,3,0.3333333333333333,0,6,0.9709505944546688,4.0,,,6.0
474e37a946a546dca1379f54483966f1,18,9,35.888888888888886,233.77777777777777,2427,0.5527419745270583,0.1005247705224302,0.3964903995911188,0.6784277088815572,3.578064203783533,185,2427,0.0762257931602801,2,"[0, 0, 0, 0, 0, 0, 0, 1, 1]",0.5527419745270583,0.7642045065086203,1,0.125,0,2,1.5304930567574826,4.0,,3.0,2.0
648e4e44e3d3451d84400fe3744795bf,16,8,18.75,109.125,1023,0.8066294863385597,0.1444374105419357,0.5576396524458493,0.9902370945882748,1.353593595630081,109,1023,0.1065493646138807,2,"[0, 0, 0, 0, 0, 0, 0, 1]",0.8066294863385597,0.5435644431995964,1,0.1428571428571428,8,0,0.0,,8.0,,
ce2d0e6c8ac44b17b613bfcb262c45fe,12,6,12.833333333333334,265.8333333333333,1672,0.3453873202447628,0.2094712009183026,0.0303130169830476,0.6076588499491946,3.273063398776186,62,1669,0.0371479928100659,2,"[0, 0, 0, 1, 0, 1]",0.3453873202447628,0.9182958340544894,3,0.6,4,1,1.2516291673878228,,4.0,1.0,1.0
5831facced0649f5a0c751bef3fe4e1e,16,8,21.625,175.25,1575,0.3838680223267777,0.3060830268423692,0.0091157370737626,1.0000000000000004,4.312923843712556,86,1575,0.0546031746031746,2,"[0, 1, 0, 0, 1, 1, 1, 1]",0.3838680223267777,0.954434002924965,3,0.4285714285714285,0,4,1.0,4.0,,4.0,
0e733cede0294acaac398aeb142c86b8,16,8,48.375,105.0,1227,0.0727582846338321,0.0777456234963968,-0.0528673867563938,0.1605502231881055,6.490692007563174,31,1227,0.0252648736756316,2,"[0, 1, 0, 0, 0, 1, 1, 1]",0.0727582846338321,1.0,3,0.4285714285714285,3,0,1.4056390622295665,4.0,3.0,1.0,
4d41b3d6dd91475f92897718c1428c10,10,5,18.2,325.6,1719,0.3385250154296677,0.2168123811469104,0.1076463887467515,0.6758376065821388,2.645899938281329,75,1719,0.0436300174520069,2,"[0, 0, 1, 1, 0]",0.3385250154296677,0.9709505944546688,2,0.5,0,2,0.9709505944546688,3.0,,,2.0
29f98207c6c24b2ea73ee227a20033a2,12,6,36.333333333333336,58.0,566,0.6535922076427386,0.1283498086173275,0.4824157363761859,0.8744187343991199,1.732038961786307,36,566,0.0636042402826855,2,"[1, 1, 0, 1, 1, 1]",0.6535922076427386,0.6500224216483541,2,0.4,0,0,0.0,6.0,,,
6971a43dd6a241228fff66931df7025a,12,6,112.33333333333331,121.83333333333331,1405,0.7710172178680518,0.2347306181522239,0.439449023816709,0.9897716493789362,1.1449139106597417,63,1405,0.0448398576512455,2,"[1, 1, 0, 0, 0, 1]",0.7710172178680518,1.0,2,0.4,0,3,1.459147917027245,1.0,,3.0,2.0
93c8b3ebb9854071960c5cee57411c92,12,6,18.5,161.33333333333334,1079,0.2021502310674236,0.1476276245723934,0.0081329772790298,0.3832576677265372,3.9892488446628818,28,1079,0.025949953660797,2,"[1, 0, 0, 1, 1, 0]",0.2021502310674236,1.0,3,0.6,3,1,1.459147917027245,2.0,3.0,1.0,
864991629c4148b2be1dea5edde119c7,24,12,13.75,110.66666666666669,1493,0.900509098373466,0.0700151403027316,0.7460926075354539,0.9752898599049196,1.0943999178918715,96,1493,0.0643000669792364,2,"[1, 1, 1, 1, 0, 0, 0, 1, 1, 1, 1, 1]",0.900509098373466,0.8112781244591328,2,0.1818181818181818,12,0,0.0,,12.0,,
5a89d143673747e7acc8a2002017feff,86,43,137.88372093023256,98.30232558139537,10156,0.5682564853321392,0.1010014359424717,0.37115468833256,0.7801772836913582,18.13322761605016,690,10154,0.0679535158558203,5,"[0, 4, 0, 4, 0, 4, 2, 4, 4, 0, 3, 0, 4, 0, 0, 2, 0, 0, 4, 4, 0, 1, 4, 0, 3, 0, 1, 0, 4, 4, 4, 1, 1, 3, 1, 0, 1, 3, 1, 3, 1, 4, 0]",0.5682564853321392,2.070015551343986,35,0.8333333333333334,43,0,0.0,,43.0,,
10da724775aa4bb4a09f790ef6d8fbf5,12,6,8.833333333333334,30.0,233,0.1466204142369968,0.1481134475021246,-0.0453847416245023,0.3672312699595544,4.266897928815015,7,232,0.0301724137931034,2,"[1, 0, 0, 1, 0, 1]",0.1466204142369968,1.0,4,0.8,3,0,1.0,3.0,3.0,,
3ebd34a467d047eabff9adfbe97dbf92,18,9,32.0,309.44444444444446,3073,0.570865273647093,0.1315880545540537,0.3319379908037109,0.7380723832957969,3.433077810823256,207,3073,0.0673608851285388,2,"[1, 1, 1, 0, 1, 1, 1, 1, 1]",0.570865273647093,0.5032583347756457,2,0.25,0,1,0.9910760598382222,5.0,,,4.0
581c6c382d654837b83f5f8d39ec4a63,12,6,28.0,330.6666666666667,2152,0.7226710126869296,0.295271394842891,0.2483970924607993,1.0000000000000004,1.386644936565352,76,2137,0.0355638745905474,2,"[0, 0, 0, 1, 1, 1]",0.7226710126869296,1.0,1,0.2,0,0,0.0,6.0,,,
263c07a2153e4976b6d440d638e501dc,12,6,43.333333333333336,233.16666666666663,1659,0.6730553893046416,0.2067094175695885,0.344323529803886,0.9595349530962318,1.6347230534767925,133,1659,0.080168776371308,2,"[0, 0, 0, 0, 0, 1]",0.6730553893046416,0.6500224216483541,1,0.2,1,0,1.459147917027245,2.0,1.0,,3.0
3b48d56b0d464f7291d59ae4d6aea06a,10,5,24.8,261.0,1429,0.7732121394629203,0.3928080969900679,0.0928485578516792,1.0000000000000009,0.9071514421483188,84,1429,0.0587823652904128,2,"[1, 0, 0, 0, 0]",0.7732121394629203,0.7219280948873623,1,0.25,0,5,0.0,,,,5.0
139b550514244cd9a878245dda61411b,32,16,17.0625,103.9375,1936,0.1655677315481612,0.1497808692108385,-0.0361651572266709,0.5844206389668092,12.516484026777585,58,1936,0.0299586776859504,3,"[2, 1, 0, 2, 2, 0, 1, 0, 2, 0, 1, 1, 0, 0, 0, 1]",0.1655677315481612,1.5461796919474975,11,0.7333333333333333,14,1,0.6685644431995965,1.0,14.0,1.0,
4b34725cbc5e40a19c7b521e66d09571,14,7,15.857142857142858,76.85714285714286,649,0.3152857131757118,0.1400204019547903,0.1186034069926701,0.5026893271535346,4.108285720945729,37,647,0.0571870170015456,2,"[0, 0, 0, 0, 0, 1, 1]",0.3152857131757118,0.8631205685666311,1,0.1666666666666666,5,0,0.8631205685666311,5.0,2.0,,
7524fa3e72ae45968fbc8deab8c51600,12,6,21.666666666666668,84.66666666666667,638,0.1248503437592595,0.0901088125906484,0.0490935571970882,0.2844963530812769,4.375748281203702,15,638,0.0235109717868338,2,"[0, 1, 0, 1, 1, 0]",0.1248503437592595,1.0,4,0.8,2,0,1.459147917027245,2.0,3.0,1.0,
555923c021ea4edd80c23c21a7e05190,12,6,38.333333333333336,158.0,1178,0.5546861567761241,0.2694513534031212,0.2626648191939276,0.9046245157813813,2.22656921611938,119,1178,0.1010186757215619,2,"[1, 1, 0, 1, 1, 1]",0.5546861567761241,0.6500224216483541,2,0.4,0,3,1.459147917027245,,2.0,3.0,1.0
71c8e9b56eaf43809402d69f60bfb6db,22,11,256.45454545454544,520.1818181818181,8543,0.7253009980529448,0.0982967626280575,0.6040410657788556,0.924540023500076,2.746990019470553,787,8543,0.0921222053142924,2,"[1, 0, 0, 0, 0, 1, 1, 1, 1, 1, 0]",0.7253009980529448,0.9940302114769566,3,0.3,1,11,1.2406705316766884,1.0,,7.0,3.0
5902a0b8cec54c3e8c751374a6cd8748,16,8,13.0,83.5,772,0.2327300683480937,0.1760115645620656,0.0683497326583769,0.5775427197210063,5.3708895215633445,58,771,0.0752269779507133,2,"[0, 1, 0, 1, 1, 1, 1, 1]",0.2327300683480937,0.8112781244591328,3,0.4285714285714285,4,1,1.4056390622295665,4.0,3.0,1.0,
71e4fb591c5f4bf499fbe19946af7426,10,5,25.2,306.6,1659,0.5339231802538602,0.1564555318878661,0.3403623368823151,0.6902164877474621,1.86430727898456,265,1659,0.1597347799879445,2,"[0, 0, 0, 0, 1]",0.5339231802538602,0.7219280948873623,1,0.25,0,4,1.370950594454669,,1.0,3.0,1.0
504deef2751546f2839ea9279938cd7c,82,41,403.0,148.8780487804878,22627,0.2274295680681475,0.2546435003964673,-0.0293341589914391,0.9889561772677002,30.9028172772741,559,22586,0.0247498450367484,5,"[2, 2, 3, 3, 3, 2, 4, 3, 3, 1, 2, 0, 0, 0, 0, 0, 0, 3, 2, 2, 3, 2, 3, 4, 3, 3, 4, 0, 4, 2, 4, 2, 2, 4, 1, 4, 3, 1, 1, 1, 0]",0.2274295680681475,2.271353134307744,26,0.65,1,24,1.2469926555180149,1.0,7.0,29.0,4.0
a03ab845fb974bc5809e685409d07d36,30,15,16.133333333333333,381.6666666666667,5967,0.1750180132667277,0.2825259997779473,-0.0437127409775242,0.9779023721248796,11.549747814265812,167,5967,0.0279872632813809,3,"[2, 2, 1, 1, 0, 0, 1, 1, 0, 1, 1, 1, 1, 1, 0]",0.1750180132667277,1.3382689280764646,6,0.4285714285714285,13,0,0.5665095065529053,13.0,2.0,,
d42b6b92cebc4dd1b68b18b7afe3c0dd,26,13,121.07692307692308,23.07692307692308,1874,0.8033335833384684,0.223598027366228,0.4096565478332774,1.0000000000000009,2.359996999938379,57,1868,0.0305139186295503,3,"[0, 2, 2, 1, 0, 0, 0, 1, 2, 2, 2, 2, 2]",0.8033335833384684,1.419556298571613,5,0.4166666666666667,8,0,1.3346791410515946,8.0,2.0,3.0,
d687a080be1144448864f0316537a954,38,19,20.94736842105263,146.1578947368421,3175,0.2635692042623013,0.1741499186632154,0.0059405356298406,0.5640600745978175,13.255754323278577,84,3175,0.0264566929133858,3,"[2, 2, 2, 0, 2, 1, 1, 0, 1, 1, 0, 1, 1, 2, 1, 1, 1, 1, 1]",0.2635692042623013,1.383807735464083,9,0.5,8,0,0.9819407868640976,8.0,11.0,,
321a041368404ddc953a2433ce1d381f,28,14,14.357142857142858,144.57142857142858,2225,0.2614743064718529,0.1507689040381944,-0.0069281997478442,0.5211459252963718,9.60083401586591,63,2225,0.028314606741573,3,"[2, 2, 2, 1, 1, 0, 1, 0, 1, 1, 1, 1, 1, 0]",0.2614743064718529,1.41379956460568,6,0.4615384615384615,5,0,0.940285958670631,5.0,9.0,,
de46b874ff274b25b91cb2afb20b9bda,14,7,26.142857142857142,184.8571428571429,1477,0.2880109699118153,0.33144776898588,0.0378408935623248,1.0,4.271934180529108,74,1477,0.0501015572105619,2,"[1, 0, 0, 1, 0, 1, 1]",0.2880109699118153,0.9852281360342516,4,0.6666666666666666,0,2,0.9852281360342516,,4.0,3.0,
404f94c185c84d5cae6026feb92e6481,20,10,282.7,199.8,4825,0.1905793672696333,0.132666204092026,0.0014228088376135,0.4025564117441392,7.2847856945733,35,4824,0.0072553897180762,2,"[1, 1, 0, 0, 0, 1, 1, 0, 1, 0]",0.1905793672696333,1.0,5,0.5555555555555556,6,1,1.295461844238322,6.0,3.0,,1.0
71d2c8aefe5048cf9c1944e4e21d9c8c,68,34,16.352941176470587,107.47058823529412,4210,0.3403265273411652,0.2763873331990665,-0.0191225887647418,1.0000000000000004,21.769224597741545,160,4210,0.0380047505938242,4,"[3, 2, 2, 3, 2, 2, 2, 3, 2, 2, 2, 2, 0, 0, 0, 3, 3, 3, 3, 3, 3, 1, 2, 0, 0, 2, 3, 1, 1, 1, 1, 1, 1, 0]",0.3403265273411652,1.9570425997028675,14,0.4242424242424242,22,2,1.3562162791272805,22.0,8.0,3.0,1.0
9e7eef15231c4d9991d7e1eb45a913fe,16,8,43.25,434.25,3820,0.8652282311801852,0.1497809772005983,0.5159495383115331,0.9805595575860138,0.9434023817387032,325,3820,0.0850785340314136,2,"[0, 0, 0, 0, 0, 0, 1, 1]",0.8652282311801852,0.8112781244591328,1,0.1428571428571428,0,1,0.5435644431995964,,,7.0,1.0
99501f6106614e1984792f3e8839ba94,18,9,20.22222222222222,124.11111111111111,1299,0.4132414666448103,0.3091606204992415,0.0632418383158746,0.8649732639446205,4.6940682668415175,72,1298,0.0554699537750385,2,"[0, 1, 0, 0, 0, 0, 1, 1, 1]",0.4132414666448103,0.9910760598382222,3,0.375,6,0,0.9182958340544894,6.0,3.0,,
aaf89ec0963948e192208810a762a10e,14,7,24.0,196.8571428571429,1546,0.3726509251268271,0.20700836035624,0.1450854862253345,0.752400868128553,3.7640944492390367,63,1546,0.0407503234152652,2,"[0, 0, 0, 0, 1, 0, 1]",0.3726509251268271,0.8631205685666311,3,0.5,5,0,1.1488348542809168,,5.0,1.0,1.0
b21e6e6c190448ca84d6874ad17bf2b6,34,17,15.882352941176473,24.823529411764707,692,0.2577323755052753,0.1353111558681884,0.0287579297059501,0.4667632696067186,11.876281991915594,20,691,0.0289435600578871,3,"[2, 1, 2, 2, 1, 1, 0, 0, 0, 1, 1, 1, 1, 1, 2, 1, 1]",0.2577323755052753,1.3830999911893338,7,0.4375,4,0,0.787126586201269,,4.0,13.0,
2d8d202ad3464e44aa0966ab3ef06998,10,5,13.0,180.8,969,0.4763100318199179,0.0967440276320748,0.3383400373337977,0.611953690842588,2.0947598727203283,26,967,0.0268872802481902,2,"[1, 0, 1, 0, 1]",0.4763100318199179,0.9709505944546688,4,1.0,5,0,0.0,,5.0,,
564ad6af8d3b43cab61fdadcb1d4cde5,10,5,39.2,108.0,736,0.7783651318512044,0.3838828523625442,0.1134605274048154,1.0000000000000009,0.8865394725951825,88,736,0.1195652173913043,2,"[1, 0, 0, 0, 0]",0.7783651318512044,0.7219280948873623,1,0.25,0,4,0.0,,,,5.0
683147fe3047402e92cfe39de60fba2d,24,12,127.83333333333331,34549.083333333336,416123,0.6588888124644707,0.2808977643279491,0.1152228834685787,1.0000000000000004,3.752223062890822,26038,416123,0.0625728450482189,2,"[0, 0, 0, 0, 0, 0, 0, 0, 0, 0, 0, 1]",0.6588888124644707,0.4138168503036338,1,0.0909090909090909,0,6,0.6500224216483541,,,2.0,10.0
d243e69336b84d188c7148ce82a3d2d9,18,9,13.22222222222222,204.5555555555556,1960,0.3587688162881541,0.2201464090677438,0.0081802972273592,0.6642634964205865,5.129849469694768,100,1960,0.0510204081632653,2,"[1, 0, 0, 0, 1, 1, 1, 1, 1]",0.3587688162881541,0.9182958340544894,2,0.25,6,3,0.9182958340544894,3.0,6.0,,
388a2ef68f104f599079ac4530e35031,22,11,38.72727272727273,106.36363636363636,1596,0.3151231756349822,0.353454055537722,0.0788726808915702,1.0000000000000004,6.848768243650177,82,1596,0.0513784461152882,2,"[1, 1, 0, 1, 0, 1, 0, 1, 1, 1, 0]",0.3151231756349822,0.94566030460064,7,0.7,3,0,1.2406705316766884,,3.0,7.0,1.0
16214b4b8fea4d3caadc3bfc61a17624,12,6,51.333333333333336,90.16666666666669,849,0.2049455026289107,0.1418583094239586,0.0716180010186957,0.4604494330107705,3.975272486855447,20,849,0.0235571260306242,2,"[1, 1, 0, 0, 1, 0]",0.2049455026289107,1.0,3,0.6,3,0,1.0,3.0,,,3.0
9ef23debbc7c42f5a137da91fbc50b00,10,5,35.4,17.4,264,0.9513051831526292,0.0481321359525468,0.8792638768446546,1.0000000000000009,0.1947792673894833,18,264,0.0681818181818181,2,"[0, 0, 0, 0, 1]",0.9513051831526292,0.7219280948873623,1,0.25,5,0,0.0,5.0,,,
39abec5ccdb547d1b0c324e32f0133a8,14,7,122.14285714285714,199.0,2248,0.8023096261526325,0.187760832960185,0.4161952223147449,0.931955063365846,1.1861422430842057,235,2248,0.1045373665480427,2,"[0, 0, 0, 0, 0, 0, 1]",0.8023096261526325,0.5916727785823274,1,0.1666666666666666,0,0,0.0,,,,7.0
